ts_code,trade_date,open,high,low,close,pct_chg,vol,cci,cci_sum,max_falling_rating,SLOP,ANGLE,stoch,ema,ema_upper,ema_lower,envelope,envelope_shift,quantityrelativeratio,cci_status,envelope_days
001965.SZ,20220525,7.19,7.44,7.16,7.37,2.2191,87508.99,39.5,-23.9,0.1,0.0,0.4,0.3,7.4,8.1,6.7,0,0.0,1.9,wait,56
002978.SZ,20220525,31.65,32.16,31.01,31.7,-0.5958,13535.81,-64.9,801.1,0.2,0.0,2.5,0.5,32.6,35.9,29.4,0,0.0,0.6,wait,14
002531.SZ,20220525,12.58,13.0,12.13,12.79,1.3471,643133.74,88.1,1360.1,0.3,0.3,18.1,0.9,11.5,12.7,10.4,1,1.0,0.6,wait,4
002080.SZ,20220525,21.8,22.1,21.35,21.92,0.5966,127001.34,17.7,1167.1,0.2,0.1,7.3,0.8,21.7,23.8,19.5,0,0.0,0.6,wait,17
002027.SZ,20220525,5.48,5.61,5.46,5.6,2.1898,853903.88,-137.5,233.8,0.1,-0.0,-0.7,0.6,5.7,6.3,5.1,0,0.0,0.5,wait,17
002001.SZ,20220525,20.5,20.78,20.31,20.64,0.6338,214385.02,-73.4,-637.4,0.2,-0.1,-4.2,0.2,21.7,23.9,19.5,0,0.0,0.5,wait,5
000935.SZ,20220525,20.09,20.7,20.02,20.44,1.4392,35849.63,33.7,1037.5,0.2,0.1,5.2,0.9,19.7,21.6,17.7,0,0.0,0.6,wait,16
000877.SZ,20220525,11.85,11.95,11.69,11.91,0.5063,80563.56,-178.3,-216.4,0.1,-0.0,-2.4,0.3,12.3,13.5,11.0,0,0.0,0.6,wait,17
000785.SZ,20220525,4.0,4.15,4.0,4.13,3.25,106081.78,77.8,876.7,0.2,0.0,1.1,0.4,4.1,4.5,3.6,0,0.0,0.7,wait,16
000776.SZ,20220525,16.5,16.67,16.34,16.64,0.7264,357999.65,68.8,1011.1,0.1,0.1,7.8,0.8,16.2,17.9,14.6,0,0.0,0.4,wait,16
603977.SH,20220525,8.27,8.46,8.25,8.36,0.6017,71886.08,-81.2,706.3,0.2,0.0,0.7,0.5,8.5,9.4,7.7,0,0.0,0.8,wait,17
603568.SH,20220525,28.64,28.74,27.46,27.83,-2.4536,45818.08,21.0,922.5,0.2,0.1,3.9,0.8,27.3,30.0,24.5,0,0.0,1.4,wait,17
603260.SH,20220525,98.0,99.2,94.18,96.4,-3.0669,126732.5,89.3,1345.8,0.3,2.3,66.6,0.9,89.5,98.5,80.6,0,1.0,0.7,wait,0
603258.SH,20220525,19.29,20.01,19.25,19.86,3.2225,13832.02,42.3,-296.7,0.2,0.0,1.9,0.2,20.4,22.5,18.4,0,0.0,0.7,wait,9
601919.SH,20220525,15.24,15.38,15.03,15.19,1.6054,1325874.68,141.8,289.0,0.1,0.1,7.6,1.0,14.6,16.1,13.2,0,0.0,0.8,wait,17
601918.SH,20220525,5.14,5.36,5.08,5.34,4.2969,724744.27,124.8,878.1,0.2,0.1,4.5,1.0,5.0,5.4,4.5,0,0.0,0.9,wait,16
601717.SH,20220525,11.83,12.23,11.7,12.2,2.8668,131606.48,-30.0,411.3,0.1,-0.0,-1.5,0.9,12.1,13.3,10.9,0,0.0,0.7,wait,17
601512.SH,20220525,8.84,8.89,8.72,8.87,0.9101,40415.83,-174.3,489.3,0.1,-0.0,-2.6,0.6,9.0,9.9,8.1,0,0.0,0.7,wait,28
601377.SH,20220525,6.1,6.14,6.09,6.12,0.3279,406721.95,-123.3,-71.2,0.1,0.0,0.1,0.0,6.4,7.0,5.7,0,0.0,0.7,wait,12
601101.SH,20220525,8.52,8.86,8.44,8.81,3.5253,337988.97,111.2,823.1,0.2,0.1,5.8,0.7,8.5,9.3,7.6,0,0.0,0.8,wait,8
600989.SH,20220525,14.52,14.7,14.2,14.49,-0.2066,200782.71,19.3,944.3,0.2,0.0,2.6,0.9,14.4,15.8,12.9,0,0.0,0.7,wait,17
600596.SH,20220525,17.99,18.11,17.55,17.96,0.0557,355862.03,-2.6,803.6,0.1,0.1,4.3,0.5,18.1,19.9,16.3,0,0.0,0.5,wait,17
600426.SH,20220525,28.5,29.83,28.26,29.52,4.4956,329143.37,-103.5,86.3,0.1,-0.1,-7.8,0.5,30.4,33.4,27.4,0,0.0,1.8,wait,17
600176.SH,20220525,15.6209,15.747,15.4948,15.65,0.1863,220241.62,-9.3,826.7,0.1,0.0,0.7,0.8,15.5,17.1,14.0,0,0.0,0.6,wait,56
600030.SH,20220525,19.25,19.44,19.21,19.31,0.3638,433263.43,0.8,644.4,0.1,0.0,2.0,0.6,19.5,21.4,17.5,0,0.0,0.5,wait,56
601636.SH,20220525,11.65,11.75,11.42,11.69,0.2573,350023.38,68.3,1045.0,0.1,0.1,8.0,0.8,11.3,12.5,10.2,0,0.0,0.7,wait,17
002818.SZ,20220525,11.44,11.78,11.44,11.7,2.0942,29004.68,-116.1,312.5,0.1,-0.0,-0.9,0.7,11.6,12.8,10.5,0,0.0,0.9,wait,56
002677.SZ,20220525,13.42,13.5,13.3,13.45,0.2983,21260.0,-108.4,311.0,0.1,-0.0,-0.4,0.7,13.5,14.8,12.1,0,0.0,0.6,wait,56
002315.SZ,20220525,14.3,14.43,14.13,14.38,0.6298,51357.94,-166.3,301.4,0.3,-0.1,-7.5,0.6,14.8,16.3,13.3,0,0.0,0.3,wait,4
603882.SH,20220525,81.72,82.69,80.5,81.45,-0.4157,18758.36,-85.5,-179.2,0.3,-0.4,-19.5,0.7,81.3,89.4,73.1,0,0.0,0.4,wait,12
002466.SZ,20220525,96.5,98.5,93.55,97.52,1.1618,647229.02,100.1,1243.0,0.4,2.4,67.7,1.0,84.8,93.3,76.4,1,1.0,0.7,wait,6
600010.SH,20220525,2.05,2.07,2.01,2.03,-0.9756,7460855.38,120.7,804.2,0.1,0.0,1.7,0.8,2.0,2.2,1.8,0,0.0,0.9,wait,12
600170.SH,20220525,3.0,3.05,2.99,3.04,1.3333,480463.64,-100.2,-87.5,0.1,-0.0,-1.1,0.3,3.1,3.4,2.8,0,0.0,0.7,wait,56
600282.SH,20220525,3.16,3.2,3.15,3.2,1.2658,266120.75,-33.0,-401.5,0.1,0.0,0.1,0.3,3.2,3.6,2.9,0,0.0,0.6,wait,56
000629.SZ,20220525,3.28,3.32,3.25,3.3,0.304,467669.62,56.1,1128.6,0.2,0.0,1.3,0.7,3.3,3.6,3.0,0,0.0,0.7,wait,15
000630.SZ,20220525,3.16,3.22,3.15,3.2,0.9464,1487944.62,38.5,-183.4,0.1,0.0,0.8,0.2,3.3,3.6,3.0,0,0.0,0.5,wait,17
600219.SH,20220525,3.37,3.45,3.37,3.41,0.59,987883.43,57.9,970.8,0.1,0.0,1.6,0.7,3.4,3.7,3.1,0,0.0,0.7,wait,11
002392.SZ,20220525,3.39,3.49,3.38,3.48,2.0528,97833.0,-24.1,693.7,0.2,0.0,0.4,0.3,3.6,3.9,3.2,0,0.0,0.6,wait,12
601618.SH,20220525,3.41,3.49,3.39,3.49,2.346,767986.98,-43.9,71.8,0.1,0.0,0.1,0.8,3.5,3.9,3.2,0,0.0,0.9,wait,17
000725.SZ,20220525,3.84,3.89,3.83,3.88,1.0417,1705079.28,49.1,810.1,0.1,0.0,0.5,0.7,3.9,4.3,3.5,0,0.0,0.5,wait,17
000656.SZ,20220525,3.17,3.21,3.08,3.19,0.0,2242027.42,-167.6,-1109.7,0.3,-0.1,-6.8,0.0,3.9,4.3,3.5,-1,-1.0,0.5,wait,3
000552.SZ,20220525,4.06,4.27,4.06,4.23,3.423,806810.1,73.5,952.7,0.3,0.0,1.2,1.0,4.0,4.4,3.6,0,0.0,0.8,wait,17
601003.SH,20220525,4.12,4.18,4.1,4.16,0.4831,80896.8,-38.7,-65.5,0.3,0.0,0.3,0.0,4.4,4.9,4.0,0,0.0,0.6,wait,7
601016.SH,20220525,4.29,4.46,4.25,4.44,3.0162,671580.43,27.0,1059.1,0.2,0.0,1.2,0.9,4.3,4.8,3.9,0,0.0,0.7,wait,17
000035.SZ,20220525,4.33,4.47,4.3,4.42,1.6092,101730.25,53.2,931.1,0.1,0.0,0.8,0.9,4.4,4.8,4.0,0,0.0,0.8,wait,12
002084.SZ,20220525,3.7,3.78,3.69,3.78,2.1622,63728.51,-87.5,654.5,0.2,-0.0,-2.8,0.4,3.9,4.3,3.5,0,0.0,0.4,wait,7
000959.SZ,20220525,4.29,4.39,4.28,4.38,1.3889,203466.08,5.8,-121.7,0.2,0.0,0.4,0.1,4.6,5.0,4.1,0,0.0,0.5,wait,8
002641.SZ,20220525,4.47,4.57,4.47,4.53,0.4435,78825.0,-2.3,541.1,0.2,0.0,1.1,0.8,4.5,5.0,4.1,0,0.0,0.6,wait,15
603993.SH,20220525,4.61,4.75,4.59,4.71,3.7445,1649450.18,116.3,191.9,0.1,0.0,1.8,0.6,4.7,5.1,4.2,0,0.0,1.0,wait,15
002602.SZ,20220525,4.51,4.62,4.5,4.61,2.4444,413068.12,-14.9,73.0,0.1,0.0,0.2,0.3,4.8,5.2,4.3,0,0.0,0.7,wait,11
601600.SH,20220525,4.92,5.01,4.9,4.97,0.8114,1614426.11,76.0,598.4,0.2,0.1,4.4,0.7,4.9,5.4,4.4,0,0.0,0.6,wait,10
002272.SZ,20220525,4.6,4.78,4.59,4.77,3.0238,50179.01,80.4,1045.4,0.2,0.0,2.0,0.9,4.6,5.1,4.2,0,0.0,0.9,wait,15
600496.SH,20220525,4.2,4.34,4.2,4.33,2.8504,236014.2,-189.3,357.7,0.2,-0.0,-1.8,0.6,4.4,4.9,4.0,0,0.0,0.8,wait,17
002085.SZ,20220525,4.69,4.91,4.69,4.89,3.1646,162370.28,60.5,894.4,0.3,0.0,1.2,1.0,4.6,5.0,4.1,0,0.0,0.7,wait,2
600577.SH,20220525,4.61,4.73,4.54,4.69,0.8602,416159.52,-58.3,1050.9,0.2,-0.0,-0.1,0.7,4.7,5.2,4.2,0,0.0,0.6,wait,15
002390.SZ,20220525,4.62,4.8,4.59,4.78,3.2397,188219.93,-16.8,82.2,0.1,-0.0,-0.4,0.8,4.8,5.3,4.3,0,0.0,0.7,wait,15
600210.SH,20220525,5.58,5.7,5.31,5.55,-5.4514,1790160.39,85.4,1329.0,0.3,0.1,7.2,0.8,5.2,5.7,4.7,0,1.0,2.2,wait,0
600986.SH,20220525,4.81,5.08,4.79,5.05,4.5549,497328.76,47.9,505.2,0.2,0.0,1.0,0.8,5.1,5.6,4.5,0,0.0,0.9,wait,15
002314.SZ,20220525,4.35,4.63,4.32,4.63,5.467,756016.88,-78.4,749.5,0.2,-0.0,-2.8,0.7,4.6,5.1,4.2,0,0.0,0.6,wait,18
002839.SZ,20220525,4.79,4.87,4.73,4.87,1.8828,325241.75,-127.8,-685.4,0.1,-0.0,-0.9,0.2,5.0,5.5,4.5,0,0.0,0.9,wait,31
002627.SZ,20220525,5.37,5.52,5.3,5.48,1.107,231003.08,128.4,1107.9,0.2,0.1,4.4,0.9,5.2,5.7,4.7,0,0.0,0.7,wait,10
000425.SZ,20220525,5.18,5.27,5.16,5.27,1.7375,492467.71,114.2,1002.3,0.1,0.0,1.3,1.0,5.1,5.6,4.6,0,0.0,1.0,wait,56
600901.SH,20220525,5.12,5.2,5.12,5.19,1.3672,147652.43,-6.1,775.4,0.1,0.0,0.5,0.8,5.1,5.6,4.6,0,0.0,0.7,wait,56
002697.SZ,20220525,4.63,4.73,4.62,4.7,1.5119,159787.09,-182.9,330.1,0.1,-0.0,-2.8,0.1,4.9,5.4,4.4,0,0.0,0.5,wait,27
000598.SZ,20220525,4.96,5.12,4.96,5.11,2.8169,210498.62,-88.4,271.1,0.1,-0.0,-0.7,0.9,5.1,5.6,4.6,0,0.0,1.2,wait,56
002517.SZ,20220525,5.27,5.4,5.23,5.36,1.5152,340085.75,84.1,1024.5,0.3,0.0,2.0,1.0,5.1,5.6,4.6,0,0.0,0.8,wait,11
600398.SH,20220525,4.96,5.01,4.94,5.0,1.0101,82472.01,-182.1,-161.6,0.1,-0.0,-0.8,0.3,5.1,5.6,4.6,0,0.0,0.5,wait,56
603323.SH,20220525,4.87,4.98,4.86,4.97,2.0534,194537.66,-119.2,-1018.5,0.1,-0.0,-2.3,0.1,5.2,5.7,4.7,0,0.0,0.7,wait,31
601658.SH,20220525,5.23,5.32,5.22,5.29,1.1472,1003983.86,25.1,-909.6,0.1,-0.0,-0.1,0.3,5.3,5.9,4.8,0,0.0,0.6,wait,56
002822.SZ,20220525,5.17,5.68,5.14,5.68,10.0775,266514.44,135.2,740.6,0.2,0.0,1.4,1.0,5.4,6.0,4.9,0,0.0,0.7,wait,12
600642.SH,20220525,5.33,5.53,5.32,5.53,3.7523,136221.69,-23.0,256.7,0.1,-0.0,-0.6,0.8,5.5,6.1,5.0,0,0.0,1.1,wait,17
000825.SZ,20220525,5.48,5.56,5.47,5.55,0.9091,283214.06,-7.0,-340.5,0.2,0.0,0.7,0.1,5.8,6.3,5.2,0,0.0,0.4,wait,10
002563.SZ,20220525,5.48,5.56,5.46,5.54,0.7273,59971.93,-113.0,-621.5,0.1,-0.0,-1.0,0.0,5.7,6.3,5.1,0,0.0,0.5,wait,56
600908.SH,20220525,5.45,5.5,5.41,5.49,1.105,124205.0,-142.9,-640.4,0.1,-0.0,-1.6,0.1,5.6,6.2,5.1,0,0.0,0.7,wait,56
600248.SH,20220525,5.0,5.2,4.98,5.19,3.8,425618.17,-128.0,74.6,0.2,-0.1,-4.4,0.4,5.4,5.9,4.9,0,0.0,0.8,wait,18
600581.SH,20220525,5.62,5.76,5.59,5.72,1.5986,425184.16,-6.7,250.7,0.2,0.0,1.3,0.3,5.9,6.5,5.3,0,0.0,0.5,wait,10
600662.SH,20220525,5.48,5.73,5.44,5.7,4.3956,83119.11,-67.2,509.7,0.2,-0.0,-1.3,0.7,5.7,6.3,5.1,0,0.0,0.9,wait,15
002283.SZ,20220525,5.92,6.14,5.88,6.12,3.3784,111999.71,56.6,1033.7,0.2,0.0,2.5,0.9,6.0,6.6,5.4,0,0.0,0.7,wait,12
000012.SZ,20220525,5.97,6.02,5.89,6.02,1.5177,374083.6,23.5,1000.7,0.1,0.0,1.7,0.8,6.1,6.7,5.5,0,0.0,0.6,wait,12
000728.SZ,20220525,5.58,5.62,5.56,5.61,0.5376,164464.14,-97.8,-56.8,0.2,-0.0,-0.0,0.0,5.9,6.5,5.3,0,0.0,0.6,wait,9
601515.SH,20220525,4.34,4.4,4.3,4.4,1.3825,141889.62,-123.9,-239.1,0.2,-0.0,-0.3,0.1,4.6,5.1,4.1,0,0.0,0.6,wait,10
603601.SH,20220525,5.71,5.79,5.69,5.74,0.7018,17952.75,-114.9,749.8,0.2,-0.0,-0.7,0.7,5.8,6.4,5.2,0,0.0,0.4,wait,15
000069.SZ,20220525,5.63,5.65,5.56,5.63,0.1779,583356.09,-97.9,-227.2,0.2,-0.0,-1.4,0.1,6.0,6.6,5.4,0,0.0,0.7,wait,8
600586.SH,20220525,6.31,6.42,6.2,6.39,2.7331,217988.7,76.3,1110.3,0.2,0.1,4.0,0.8,6.2,6.9,5.6,0,0.0,0.8,wait,11
601668.SH,20220525,5.63,5.66,5.6,5.65,0.8929,1892788.8,-153.6,-760.9,0.1,-0.0,-1.8,0.1,5.8,6.4,5.2,0,0.0,0.7,wait,28
600643.SH,20220525,5.87,5.98,5.87,5.97,1.7036,74406.59,-74.0,545.7,0.1,-0.0,-0.4,0.5,6.0,6.6,5.4,0,0.0,0.9,wait,56
600820.SH,20220525,5.62,5.82,5.59,5.77,3.777,460641.89,-96.8,202.0,0.2,-0.0,-2.2,0.7,5.7,6.3,5.2,0,0.0,0.8,wait,56
002097.SZ,20220525,5.97,6.15,5.96,6.12,2.3411,55128.36,13.4,80.6,0.2,0.0,0.2,0.3,6.3,6.9,5.7,0,0.0,0.6,wait,10
000059.SZ,20220525,6.03,6.18,5.98,6.15,2.3295,81001.62,39.1,751.6,0.1,0.0,0.7,0.6,6.1,6.7,5.5,0,0.0,0.7,wait,56
002010.SZ,20220525,5.99,6.28,5.97,6.22,3.8397,197443.6,34.5,590.2,0.1,0.0,0.8,0.9,6.2,6.8,5.5,0,0.0,0.9,wait,18
002966.SZ,20220525,5.88,5.93,5.88,5.92,0.5093,120086.83,-114.9,-1060.9,0.1,-0.0,-1.9,0.0,6.1,6.8,5.5,0,0.0,0.5,wait,56
002533.SZ,20220525,6.27,6.45,6.27,6.44,2.0602,64993.0,52.6,1102.0,0.2,0.0,2.4,0.9,6.2,6.9,5.6,0,0.0,0.6,wait,17
002765.SZ,20220525,7.0,7.19,6.92,7.19,4.3541,122819.64,73.5,1288.2,0.3,0.1,7.4,0.9,6.6,7.2,5.9,0,0.0,0.6,wait,1
600019.SH,20220525,6.31,6.42,6.3,6.33,0.1582,507944.89,60.6,249.4,0.1,0.0,2.3,0.4,6.4,7.0,5.7,0,0.0,0.5,wait,56
600018.SH,20220525,5.95,6.25,5.93,6.23,4.7059,665545.95,22.3,41.8,0.1,-0.0,-1.1,0.7,6.1,6.7,5.5,0,0.0,1.5,wait,56
600728.SH,20220525,5.94,6.14,5.94,6.12,3.0303,115349.04,-124.2,559.4,0.1,-0.0,-1.3,0.6,6.2,6.9,5.6,0,0.0,0.5,wait,15
600409.SH,20220525,6.58,6.83,6.56,6.79,2.4133,262989.89,69.6,901.0,0.2,0.0,2.8,0.6,6.7,7.4,6.0,0,0.0,0.7,wait,10
600516.SH,20220525,6.9,6.98,6.85,6.94,0.4342,458569.13,-28.2,862.9,0.1,0.0,1.3,0.5,7.1,7.8,6.4,0,0.0,0.6,wait,12
002117.SZ,20220525,7.05,7.15,7.04,7.14,0.9901,38005.44,59.5,878.3,0.1,0.0,1.7,0.9,7.1,7.8,6.4,0,0.0,0.5,wait,15
601985.SH,20220525,7.0,7.15,6.97,7.15,1.9971,1058524.9,41.3,-56.0,0.1,0.0,0.4,0.3,7.2,7.9,6.4,0,0.0,0.8,wait,56
601827.SH,20220525,6.77,6.86,6.71,6.86,1.7804,33906.8,31.9,860.8,0.1,0.0,0.5,0.8,6.8,7.5,6.2,0,0.0,0.7,wait,17
600489.SH,20220525,7.08,7.23,7.07,7.13,1.4225,316536.87,98.3,243.1,0.1,0.0,0.8,0.4,7.2,7.9,6.5,0,0.0,1.1,wait,15
000925.SZ,20220525,6.86,7.07,6.85,7.07,3.0612,66033.37,-99.7,661.6,0.2,-0.0,-0.2,0.5,7.3,8.0,6.5,0,0.0,0.7,wait,11
600997.SH,20220525,7.27,7.5,7.25,7.46,2.7548,280041.69,106.2,250.8,0.2,0.1,3.7,0.6,7.3,8.0,6.6,0,0.0,0.8,wait,16
601669.SH,20220525,7.19,7.88,7.15,7.75,7.3407,2611184.77,96.9,-82.0,0.1,0.1,4.2,1.0,7.4,8.1,6.6,0,0.0,1.1,wait,56
600012.SH,20220525,7.15,7.33,7.12,7.32,2.6648,60544.98,47.7,400.1,0.1,0.0,0.3,0.7,7.3,8.0,6.5,0,0.0,1.1,wait,56
002054.SZ,20220525,7.42,7.56,7.42,7.56,1.6129,25897.93,78.7,1062.0,0.1,0.0,2.1,0.9,7.4,8.2,6.7,0,0.0,0.8,wait,15
600984.SH,20220525,7.19,7.37,7.13,7.31,1.669,78811.85,-43.7,923.9,0.1,-0.0,-0.4,0.7,7.5,8.2,6.7,0,0.0,0.5,wait,15
600971.SH,20220525,7.2595,7.4375,7.1846,7.4,1.5423,303939.86,95.3,460.7,0.1,0.1,5.2,0.9,7.1,7.8,6.4,0,0.0,1.0,wait,17
600556.SH,20220525,7.18,7.65,7.09,7.53,5.3147,278579.92,11.1,364.4,0.2,0.0,0.2,0.8,7.5,8.3,6.8,0,0.0,1.3,wait,15
002092.SZ,20220525,7.33,7.43,7.3,7.4,0.6803,321834.91,-40.8,651.2,0.1,0.0,0.6,0.5,7.6,8.4,6.9,0,0.0,0.6,wait,11
600966.SH,20220525,7.1,7.23,7.1,7.22,1.8336,44335.63,-124.5,118.0,0.2,-0.0,-2.1,0.6,7.5,8.3,6.8,0,0.0,0.6,wait,12
601686.SH,20220525,7.35,7.53,7.35,7.52,1.6216,41402.47,-154.9,589.9,0.2,-0.0,-0.4,0.7,7.6,8.4,6.9,0,0.0,1.1,wait,15
601963.SH,20220525,7.58,7.64,7.56,7.64,0.6588,33345.63,-40.9,237.0,0.1,0.0,0.0,0.1,7.8,8.6,7.0,0,0.0,0.6,wait,17
600737.SH,20220525,8.07,8.25,7.97,8.13,6.1358,670959.85,173.7,842.7,0.2,0.1,3.2,1.0,7.8,8.5,7.0,0,0.0,2.2,wait,15
002064.SZ,20220525,7.79,7.86,7.72,7.79,-0.1282,107521.53,9.7,735.0,0.1,0.0,0.9,0.6,7.9,8.7,7.1,0,0.0,0.6,wait,17
002171.SZ,20220525,7.98,8.05,7.87,8.04,1.9011,125397.58,43.4,1000.6,0.2,0.0,2.1,0.9,7.9,8.7,7.1,0,0.0,0.7,wait,12
600817.SH,20220525,9.75,11.17,9.14,11.17,10.0493,248308.87,199.9,1227.7,0.4,0.3,16.8,1.0,8.7,9.5,7.8,1,1.0,3.8,wait,2
600552.SH,20220525,8.9,9.38,8.78,9.23,6.214,497236.5,221.1,1117.6,0.3,0.1,7.0,1.0,8.4,9.2,7.5,1,0.0,2.7,wait,0
601369.SH,20220525,8.1,8.35,8.07,8.3,2.3428,55769.26,52.2,902.4,0.2,0.0,1.0,0.9,8.1,8.9,7.3,0,0.0,0.6,wait,16
600507.SH,20220525,8.11,8.17,8.07,8.17,0.7398,173768.22,-3.1,47.7,0.1,0.0,0.6,0.4,8.2,9.0,7.4,0,0.0,0.7,wait,56
600970.SH,20220525,7.94,8.36,7.83,8.34,5.5696,205643.55,-41.5,534.5,0.1,-0.0,-0.7,1.0,8.2,9.1,7.4,0,0.0,1.6,wait,15
000910.SZ,20220525,8.1,8.29,8.1,8.28,2.2222,30847.96,-45.0,-347.6,0.2,0.0,0.1,0.2,8.6,9.4,7.7,0,0.0,0.6,wait,11
600325.SH,20220525,6.96,7.03,6.82,6.95,-0.1437,398009.16,-74.7,531.0,0.2,-0.1,-3.6,0.5,7.1,7.8,6.4,0,0.0,0.5,wait,6
601186.SH,20220525,7.95,8.05,7.93,8.04,0.8783,517064.58,-144.2,-305.6,0.1,-0.0,-2.0,0.5,8.2,9.0,7.4,0,0.0,0.7,wait,56
002126.SZ,20220525,8.48,8.71,8.47,8.64,0.9346,95921.47,41.4,1115.4,0.1,0.0,2.1,0.9,8.5,9.3,7.6,0,0.0,0.6,wait,15
000703.SZ,20220525,8.8,9.05,8.75,9.01,2.5028,135995.16,120.3,1054.9,0.2,0.1,3.9,1.0,8.4,9.3,7.6,0,0.0,0.8,wait,17
002244.SZ,20220525,7.88,7.88,7.62,7.81,-0.1279,195151.27,-123.7,360.6,0.2,-0.1,-3.9,0.6,7.9,8.7,7.1,0,0.0,0.4,wait,6
000683.SZ,20220525,9.3,9.64,9.2,9.61,4.4565,795241.83,100.4,888.8,0.2,0.2,8.7,1.0,8.9,9.8,8.0,0,0.0,0.9,wait,15
002135.SZ,20220525,8.0633,8.34,7.9744,8.34,2.9274,159314.29,-114.6,-56.5,0.1,-0.0,-2.3,0.4,8.7,9.6,7.9,0,0.0,0.6,wait,15
600395.SH,20220525,8.84,8.99,8.63,8.92,1.479,357028.53,35.9,812.8,0.3,0.1,4.4,0.7,8.5,9.4,7.7,0,0.0,0.4,wait,5
002745.SZ,20220525,8.8,8.99,8.8,8.94,1.1312,122757.63,12.0,667.9,0.2,0.0,2.5,0.3,9.2,10.1,8.3,0,0.0,0.6,wait,10
002233.SZ,20220525,8.65,8.72,8.6,8.69,0.5787,58347.9,-162.2,510.2,0.1,-0.0,-0.6,0.6,8.9,9.8,8.0,0,0.0,0.5,wait,17
000975.SZ,20220525,9.55,10.0,9.45,9.76,5.1724,604509.55,181.6,529.0,0.2,0.1,5.2,1.0,9.1,10.0,8.2,0,0.0,1.4,wait,15
600330.SH,20220525,9.61,9.74,9.37,9.7,1.6771,196064.62,70.8,1196.7,0.3,0.1,7.8,0.9,9.3,10.2,8.3,0,0.0,0.7,wait,14
600223.SH,20220525,8.29,8.52,8.27,8.51,2.4067,62539.26,-118.4,620.3,0.1,-0.0,-1.3,0.5,8.8,9.7,7.9,0,0.0,0.5,wait,12
000906.SZ,20220525,8.59,8.71,8.45,8.54,-0.4662,79914.24,61.8,464.0,0.1,0.0,2.5,0.6,8.7,9.6,7.9,0,0.0,0.9,wait,11
600366.SH,20220525,9.16,9.33,9.13,9.31,1.6376,168453.33,38.2,1155.1,0.2,0.1,4.4,0.8,9.2,10.1,8.3,0,0.0,0.5,wait,15
002152.SZ,20220525,8.52,8.67,8.48,8.64,1.4085,123966.5,-178.9,478.1,0.1,-0.0,-1.7,0.6,8.9,9.8,8.0,0,0.0,0.5,wait,15
002798.SZ,20220525,9.07,9.24,9.02,9.19,1.4349,14308.0,80.1,947.0,0.2,0.1,3.4,0.5,9.2,10.1,8.3,0,0.0,0.4,wait,11
002436.SZ,20220525,8.94,9.12,8.89,9.0,0.0,167987.62,-45.7,982.5,0.2,0.0,1.5,0.7,9.1,10.0,8.2,0,0.0,0.6,wait,15
002139.SZ,20220525,10.06,10.23,9.8,10.16,0.1972,306616.93,77.2,1289.0,0.3,0.2,11.0,0.9,9.3,10.3,8.4,0,0.0,0.6,wait,1
002191.SZ,20220525,8.64,8.94,8.59,8.91,3.0058,369067.74,-115.6,793.7,0.1,0.0,0.1,0.5,9.4,10.3,8.4,0,0.0,0.6,wait,10
000811.SZ,20220525,9.13,9.32,9.07,9.3,1.087,68245.52,-5.1,977.9,0.2,0.0,2.6,0.8,9.4,10.3,8.4,0,0.0,0.7,wait,12
002465.SZ,20220525,8.85,8.94,8.81,8.93,0.904,95639.47,-170.6,374.4,0.1,-0.0,-0.8,0.6,9.1,10.0,8.2,0,0.0,0.6,wait,17
600873.SH,20220525,9.41,9.58,9.32,9.54,1.2739,354137.0,124.8,546.3,0.2,0.1,3.8,1.0,9.0,9.9,8.1,0,0.0,0.8,wait,17
600548.SH,20220525,8.98,9.22,8.98,9.17,1.5504,32578.35,47.3,-798.0,0.1,0.0,0.1,0.3,9.2,10.1,8.3,0,0.0,0.8,wait,56
603018.SH,20220525,8.31,8.54,8.28,8.5,1.5532,167816.43,-179.5,315.9,0.2,-0.1,-4.1,0.5,8.7,9.6,7.9,0,0.0,0.6,wait,10
002243.SZ,20220525,8.14,8.26,8.06,8.26,1.7241,68942.77,-27.1,910.6,0.2,-0.1,-3.4,0.5,8.5,9.3,7.6,0,0.0,0.3,wait,6
603128.SH,20220525,9.4,9.66,9.3,9.63,2.4468,100503.74,64.3,1033.5,0.1,0.0,2.4,0.9,9.6,10.6,8.6,0,0.0,0.5,wait,14
601138.SH,20220525,9.11,9.15,9.06,9.14,0.4396,215238.54,-198.6,64.2,0.1,-0.0,-1.2,0.1,9.4,10.4,8.5,0,0.0,0.7,wait,56
000885.SZ,20220525,8.93,9.16,8.93,9.15,2.4636,39338.01,-113.4,291.2,0.1,-0.0,-1.2,0.8,9.2,10.1,8.3,0,0.0,0.9,wait,17
605268.SH,20220525,9.1018,9.539,9.072,9.4496,4.0476,13679.0,91.2,456.4,0.2,0.0,0.5,0.6,9.5,10.5,8.6,0,0.0,1.0,wait,12
600446.SH,20220525,9.12,9.32,9.12,9.32,2.4176,122356.31,-91.9,652.3,0.1,0.0,0.4,0.3,9.8,10.7,8.8,0,0.0,0.6,wait,9
000547.SZ,20220525,9.06,9.41,9.02,9.32,2.8698,253414.82,-133.0,620.6,0.2,-0.0,-0.9,0.6,9.5,10.5,8.6,0,0.0,0.8,wait,15
600299.SH,20220525,9.23,9.63,9.23,9.56,3.3514,53213.59,75.3,798.4,0.2,0.0,0.6,0.9,9.4,10.3,8.4,0,0.0,1.0,wait,15
601117.SH,20220525,8.9,9.02,8.79,8.95,0.5618,319452.29,-81.3,871.4,0.1,-0.0,-0.9,0.5,9.2,10.1,8.3,0,0.0,0.6,wait,17
600110.SH,20220525,9.5,9.69,9.45,9.67,1.3627,362980.1,-3.9,1089.2,0.2,0.0,2.1,0.8,9.6,10.6,8.7,0,0.0,0.6,wait,14
002649.SZ,20220525,9.55,9.82,9.55,9.8,2.5105,72352.94,54.5,795.1,0.2,0.0,1.5,0.9,9.8,10.7,8.8,0,0.0,0.7,wait,14
002119.SZ,20220525,10.18,10.21,9.98,10.2,1.8981,80928.5,52.1,834.0,0.1,0.1,5.7,0.7,10.2,11.2,9.2,0,0.0,0.4,wait,11
603055.SH,20220525,11.3,11.33,10.6,10.88,-2.0702,60631.8,116.2,1116.6,0.2,0.2,11.5,0.9,10.2,11.3,9.2,0,0.0,0.8,wait,14
603686.SH,20220525,9.78,10.26,9.78,10.22,1.7928,135909.89,144.9,865.5,0.2,0.1,3.3,1.0,9.8,10.8,8.8,0,0.0,1.6,wait,15
603818.SH,20220525,9.0,9.17,8.63,9.16,1.5521,52026.0,-142.3,253.2,0.2,-0.1,-3.0,0.1,9.8,10.8,8.8,0,0.0,1.2,wait,10
601200.SH,20220525,9.53,9.73,9.48,9.71,2.103,45747.6,-73.6,585.8,0.1,-0.0,-0.3,0.6,9.8,10.8,8.8,0,0.0,0.8,wait,15
601899.SH,20220525,9.79,9.93,9.71,9.9,1.9567,1875394.49,44.3,-302.1,0.2,0.0,2.4,0.2,10.1,11.2,9.1,0,0.0,0.6,wait,8
600761.SH,20220525,9.69,9.88,9.6,9.84,2.1807,29361.2,-28.4,519.1,0.1,-0.0,-0.7,0.9,9.8,10.7,8.8,0,0.0,0.7,wait,18
605299.SH,20220525,9.57,9.88,9.57,9.81,0.6154,21358.0,-18.8,999.8,0.1,0.0,2.1,0.6,10.0,11.0,9.0,0,0.0,0.7,wait,14
603818.SH,20220525,9.0,9.17,8.63,9.16,1.5521,52026.0,-142.3,253.2,0.2,-0.1,-3.0,0.1,9.8,10.8,8.8,0,0.0,1.2,wait,10
601200.SH,20220525,9.53,9.73,9.48,9.71,2.103,45747.6,-73.6,585.8,0.1,-0.0,-0.3,0.6,9.8,10.8,8.8,0,0.0,0.8,wait,15
601899.SH,20220525,9.79,9.93,9.71,9.9,1.9567,1875394.49,44.3,-302.1,0.2,0.0,2.4,0.2,10.1,11.2,9.1,0,0.0,0.6,wait,8
002273.SZ,20220525,9.87,9.96,9.76,9.94,0.8114,164649.79,-47.2,1006.8,0.2,0.0,1.2,0.8,9.9,10.9,8.9,0,0.0,0.6,wait,17
600761.SH,20220525,9.69,9.88,9.6,9.84,2.1807,29361.2,-28.4,519.1,0.1,-0.0,-0.7,0.9,9.8,10.7,8.8,0,0.0,0.7,wait,18
600655.SH,20220525,9.53,9.66,9.52,9.62,1.1567,57214.6,-1.3,954.6,0.1,-0.0,-1.3,0.8,9.6,10.5,8.6,0,0.0,0.4,wait,15
603808.SH,20220525,9.5,9.66,9.47,9.63,1.3684,37168.68,-153.6,-183.3,0.3,-0.0,-2.0,0.0,10.4,11.4,9.4,0,0.0,0.6,wait,9
601098.SH,20220525,9.62,9.93,9.55,9.9,2.8037,81275.4,-54.3,839.5,0.1,0.0,0.4,0.8,9.8,10.7,8.8,0,0.0,0.8,wait,56
000498.SZ,20220525,9.1,9.88,9.03,9.83,8.022,427142.33,-68.7,-683.3,0.2,-0.1,-4.9,0.6,9.7,10.7,8.7,0,0.0,0.8,wait,10
603113.SH,20220525,10.3,10.56,10.22,10.47,1.4535,61062.24,82.8,996.0,0.2,0.1,5.3,0.8,10.4,11.4,9.4,0,0.0,0.6,wait,11
605006.SH,20220525,9.67,10.06,9.67,10.06,4.4652,27063.68,-20.2,-96.2,0.1,-0.0,-1.0,0.9,9.9,10.9,8.9,0,0.0,0.7,wait,18
603232.SH,20220525,9.72,10.06,9.68,9.86,2.1762,26882.95,-135.4,394.2,0.2,-0.0,-0.8,0.3,10.4,11.4,9.3,0,0.0,0.9,wait,12
600271.SH,20220525,9.89,10.09,9.88,10.07,2.0263,65245.0,-100.8,422.1,0.1,-0.0,-0.3,0.2,10.3,11.4,9.3,0,0.0,0.6,wait,15
600039.SH,20220525,9.89,10.35,9.8,10.34,4.3391,314799.26,-84.8,-186.1,0.1,-0.0,-0.7,0.9,10.2,11.2,9.2,0,0.0,1.2,wait,20
600487.SH,20220525,11.02,11.49,10.86,11.46,4.2766,503952.25,92.0,1223.1,0.2,0.2,8.9,0.9,10.8,11.9,9.7,0,0.0,0.9,wait,15
000021.SZ,20220525,10.31,10.51,10.31,10.49,1.3527,78991.77,-48.5,824.2,0.2,0.0,0.2,0.8,10.4,11.5,9.4,0,0.0,0.6,wait,15
002091.SZ,20220525,10.2888,10.3669,10.0253,10.24,0.0948,113450.86,-2.7,981.2,0.3,0.0,2.4,0.8,10.0,11.0,9.0,0,0.0,0.6,wait,15
003006.SZ,20220525,10.0,10.27,10.0,10.13,0.496,18162.5,-160.8,523.4,0.2,-0.0,-0.8,0.5,10.5,11.6,9.5,0,0.0,0.9,wait,14
002698.SZ,20220525,10.3,10.99,10.3,10.88,5.1208,37105.9,235.2,725.5,0.1,0.0,1.2,1.0,10.5,11.5,9.4,0,0.0,2.3,wait,56
600348.SH,20220525,11.8,12.05,11.66,11.89,0.8482,730146.99,145.4,791.1,0.2,0.2,12.0,1.0,11.0,12.1,9.9,0,0.0,1.1,wait,12
601058.SH,20220525,9.86,10.18,9.75,10.12,1.0989,126372.26,-148.8,566.8,0.2,-0.0,-2.1,0.8,10.0,11.0,9.0,0,0.0,0.6,wait,10
000807.SZ,20220525,10.95,11.1,10.81,11.0,0.1821,727949.11,61.1,863.4,0.2,0.1,7.5,0.7,10.9,12.0,9.8,0,0.0,0.6,wait,10
000951.SZ,20220525,11.9,12.26,11.74,12.26,3.5473,251276.89,65.7,1307.1,0.3,0.2,12.0,1.0,11.3,12.4,10.1,0,0.0,0.6,wait,1
600475.SH,20220525,10.71,10.95,10.58,10.94,3.2075,20458.32,89.7,860.3,0.1,0.0,0.9,1.0,10.6,11.6,9.5,0,0.0,0.8,wait,56
600273.SH,20220525,10.57,10.71,10.45,10.7,1.4218,169326.58,51.4,1045.0,0.1,0.0,2.7,0.8,10.4,11.4,9.4,0,0.0,0.7,wait,56
000401.SZ,20220525,10.66,10.95,10.6,10.95,4.1865,151008.77,138.3,287.8,0.1,0.0,0.9,1.0,10.8,11.9,9.7,0,0.0,1.3,wait,17
603496.SH,20220525,10.34,10.73,10.33,10.59,1.4368,17116.69,-90.7,693.4,0.1,-0.0,-0.0,0.7,10.7,11.7,9.6,0,0.0,0.6,wait,16
600535.SH,20220525,10.21,10.38,10.13,10.35,1.4706,78341.56,-120.8,-227.6,0.2,-0.1,-3.2,0.1,11.0,12.1,9.9,0,0.0,0.6,wait,10
000338.SZ,20220525,11.56,11.7,11.48,11.68,0.9507,477057.67,71.3,797.7,0.1,0.1,6.6,0.9,11.5,12.6,10.3,0,0.0,0.4,wait,15
000555.SZ,20220525,10.77,11.07,10.58,10.87,3.1309,83558.91,-64.5,495.6,0.2,-0.0,-1.0,0.8,11.0,12.1,9.9,0,0.0,0.8,wait,18
601009.SH,20220525,10.8,11.09,10.78,11.05,1.9373,429478.38,-80.7,-222.0,0.1,-0.1,-3.7,0.2,11.3,12.4,10.1,0,0.0,0.6,wait,56
600160.SH,20220525,11.41,11.62,11.28,11.5,0.8772,190522.15,28.9,967.4,0.2,0.1,4.4,0.7,11.5,12.6,10.3,0,0.0,0.7,wait,16
000970.SZ,20220525,11.64,11.7,11.45,11.68,1.2132,204050.82,51.8,1177.4,0.2,0.1,5.1,0.9,11.3,12.5,10.2,0,0.0,0.6,wait,17
002053.SZ,20220525,12.73,13.94,12.51,13.94,10.0237,487980.99,95.9,1144.6,0.3,0.4,20.2,1.0,12.1,13.3,10.9,1,0.0,1.0,wait,0
000789.SZ,20220525,11.03,11.15,11.0,11.15,1.1797,66623.78,-87.9,423.7,0.1,-0.0,-1.5,0.3,11.4,12.5,10.2,0,0.0,0.6,wait,17
600674.SH,20220525,11.41,11.75,11.35,11.75,3.1607,84615.04,98.4,1052.8,0.1,0.0,1.8,1.0,11.3,12.5,10.2,0,0.0,0.8,wait,56
002706.SZ,20220525,11.03,11.23,10.77,11.23,1.5371,77431.29,-136.9,681.0,0.2,-0.0,-1.6,0.8,11.2,12.3,10.1,0,0.0,0.9,wait,17
600380.SH,20220525,10.9,11.21,10.89,11.2,2.5641,91628.91,-120.6,170.1,0.1,-0.1,-3.8,0.6,11.3,12.4,10.2,0,0.0,0.7,wait,56
002202.SZ,20220525,11.78,12.08,11.7,12.08,1.855,430379.73,35.1,1142.4,0.2,0.1,4.0,0.9,11.8,13.0,10.6,0,0.0,0.7,wait,17
002815.SZ,20220525,10.88,11.05,10.78,11.01,2.1336,47408.42,-46.4,858.2,0.2,-0.0,-1.5,0.8,11.0,12.1,9.9,0,0.0,0.6,wait,15
605166.SH,20220525,11.51,11.91,11.5,11.82,2.7826,14141.86,65.8,1086.1,0.2,0.1,3.5,1.0,11.5,12.7,10.4,0,0.0,0.8,wait,16
603667.SH,20220525,13.18,13.4,12.78,12.96,-0.9174,39197.0,63.5,1197.3,0.3,0.2,13.7,0.8,12.0,13.2,10.8,0,0.0,0.6,wait,1
600597.SH,20220525,11.46,11.77,11.45,11.74,1.9097,109654.83,-0.9,523.8,0.1,-0.0,-0.5,1.0,11.6,12.7,10.4,0,0.0,0.8,wait,56
002664.SZ,20220525,12.55,12.55,12.08,12.48,1.7115,36536.0,63.9,1177.3,0.2,0.1,6.7,0.9,12.0,13.2,10.8,0,0.0,0.6,wait,15
600580.SH,20220525,12.01,12.48,11.9,12.41,3.3306,131320.43,60.7,1034.8,0.2,0.1,3.6,1.0,11.9,13.1,10.7,0,0.0,0.8,wait,15
600483.SH,20220525,12.1,12.71,11.98,12.71,4.868,120792.69,36.1,184.9,0.1,0.1,4.5,0.9,12.2,13.4,11.0,0,0.0,0.6,wait,16
000997.SZ,20220525,11.9,12.28,11.85,12.25,3.5503,113476.85,-114.7,489.5,0.1,-0.0,-1.3,0.7,12.6,13.8,11.3,0,0.0,0.8,wait,13
002262.SZ,20220525,12.63,12.89,12.6,12.8,1.2658,39463.91,49.5,953.6,0.1,0.1,3.4,0.9,12.4,13.7,11.2,0,0.0,0.3,wait,56
002545.SZ,20220525,11.15,11.4,10.91,11.35,2.4368,195459.0,-129.5,-17.1,0.2,-0.1,-5.7,0.6,11.7,12.9,10.6,0,0.0,0.5,wait,16
600933.SH,20220525,13.2,13.52,12.77,13.32,0.9091,68171.68,77.2,1089.4,0.3,0.1,5.8,1.0,12.3,13.5,11.1,0,0.0,0.7,wait,1
603901.SH,20220525,12.36,12.48,12.12,12.15,-1.4599,19718.22,-59.5,979.2,0.2,0.0,0.6,0.7,12.3,13.5,11.0,0,0.0,0.6,wait,17
601231.SH,20220525,12.13,12.49,12.13,12.31,1.6515,57337.09,-142.4,114.4,0.2,-0.1,-3.1,0.8,12.3,13.5,11.1,0,0.0,0.6,wait,10
600452.SH,20220525,12.35,13.24,12.21,13.15,6.3056,151818.24,23.5,804.5,0.2,0.0,1.9,0.9,12.8,14.1,11.5,0,0.0,0.9,wait,15
600449.SH,20220525,12.54,12.94,12.5,12.79,2.075,59874.97,5.4,46.2,0.2,0.0,0.8,0.3,12.9,14.2,11.6,0,0.0,0.6,wait,46
002438.SZ,20220525,13.18,13.18,12.68,12.8,-1.1583,61252.0,-9.2,823.3,0.2,0.1,4.1,0.6,13.1,14.5,11.8,0,0.0,0.9,wait,11
601137.SH,20220525,13.69,13.92,12.92,13.64,-0.5831,319797.15,31.3,1323.8,0.4,0.2,10.8,0.8,13.0,14.3,11.7,0,0.0,0.9,wait,1
000983.SZ,20220525,13.25,13.84,12.95,13.59,2.9545,774551.86,88.7,-21.7,0.2,0.2,10.6,0.8,13.0,14.3,11.7,0,0.0,0.8,wait,22
600131.SH,20220525,12.74,13.45,12.7,13.39,4.6912,108797.53,14.5,915.1,0.2,0.0,2.1,0.9,13.1,14.4,11.8,0,0.0,1.0,wait,15
603848.SH,20220525,13.74,13.79,12.75,13.18,-1.1253,34771.0,52.5,1247.7,0.2,0.2,9.0,0.8,12.7,14.0,11.4,0,0.0,1.8,wait,15
603060.SH,20220525,12.18,12.32,12.07,12.3,0.9852,18706.21,-207.6,195.7,0.1,-0.1,-3.8,0.3,12.9,14.2,11.6,0,0.0,0.9,wait,15
603131.SH,20220525,12.5,12.75,12.4,12.74,0.7911,38850.0,-65.6,903.8,0.2,-0.0,-1.9,0.7,12.8,14.1,11.5,0,0.0,0.5,wait,15
000039.SZ,20220525,12.94,13.42,12.92,13.36,2.6114,169534.57,122.2,893.5,0.1,0.0,1.7,1.0,13.0,14.3,11.7,0,0.0,1.4,wait,17
601688.SH,20220525,12.87,12.97,12.87,12.96,0.6993,282052.32,-124.7,214.2,0.1,-0.0,-1.1,0.1,13.3,14.6,12.0,0,0.0,0.5,wait,17
002879.SZ,20220525,13.2,13.78,13.11,13.73,4.0152,26746.0,91.5,991.2,0.2,0.1,3.3,1.0,13.3,14.6,12.0,0,0.0,0.9,wait,15
600216.SH,20220525,12.4,12.61,12.38,12.59,1.0433,54129.0,-158.1,183.1,0.1,-0.1,-4.4,0.3,13.1,14.4,11.8,0,0.0,0.5,wait,15
688590.SH,20220525,12.71,13.01,12.67,12.92,1.9732,14734.72,-95.1,528.9,0.1,-0.0,-0.3,0.7,13.3,14.6,12.0,0,0.0,0.9,wait,15
002997.SZ,20220525,13.23,13.76,13.23,13.61,1.1896,45310.27,37.7,961.0,0.2,0.1,4.8,0.8,13.6,15.0,12.3,0,0.0,0.8,wait,11
601208.SH,20220525,12.6,12.88,12.22,12.83,1.183,65456.77,-67.9,897.6,0.3,-0.0,-2.6,0.8,12.6,13.9,11.4,0,0.0,1.0,wait,4
000301.SZ,20220525,15.59,16.05,14.9,15.12,-2.9525,448202.17,83.9,1341.7,0.3,0.3,19.0,0.8,14.0,15.4,12.6,0,1.0,0.9,wait,0
600123.SH,20220525,14.71,14.84,14.22,14.7,1.1004,491772.25,96.8,495.2,0.2,0.3,14.6,1.0,13.6,15.0,12.3,0,0.0,0.7,wait,25
000933.SZ,20220525,13.66,14.2,13.44,13.98,2.4176,1120573.48,114.5,-257.8,0.2,0.2,11.9,0.7,13.2,14.5,11.9,0,0.0,0.8,wait,8
000887.SZ,20220525,14.2,14.51,13.58,14.37,2.4234,303343.23,51.9,1106.9,0.3,0.1,5.3,0.9,13.6,15.0,12.3,0,0.0,0.8,wait,15
002156.SZ,20220525,13.56,13.83,13.52,13.74,0.7331,89834.05,-22.0,892.7,0.1,0.0,1.9,0.7,13.9,15.3,12.5,0,0.0,0.5,wait,15
603866.SH,20220525,13.86,14.5,13.65,14.31,3.5456,100589.01,36.7,121.6,0.1,-0.0,-0.3,0.9,14.0,15.4,12.6,0,0.0,1.5,wait,35
001979.SZ,20220525,12.83,13.14,12.65,12.97,0.1544,288480.01,-101.6,-880.9,0.2,-0.1,-5.8,0.1,13.9,15.3,12.5,0,0.0,0.4,wait,1
002918.SZ,20220525,12.88,13.05,12.8,13.04,1.3997,28952.1,-164.4,-51.1,0.2,-0.1,-4.1,0.2,13.9,15.3,12.5,0,0.0,0.6,wait,11
002949.SZ,20220525,12.97,13.23,12.8,13.22,3.362,19756.0,-128.4,739.6,0.2,-0.1,-5.2,0.6,13.4,14.8,12.1,0,0.0,0.6,wait,15
000923.SZ,20220525,13.85,14.23,13.82,13.95,0.6494,94282.46,34.3,295.7,0.1,0.1,4.4,0.5,14.1,15.5,12.7,0,0.0,0.7,wait,15
601699.SH,20220525,14.66,15.22,14.51,15.04,3.0137,476970.84,118.8,-76.6,0.3,0.2,11.4,0.4,14.7,16.1,13.2,0,0.0,0.7,wait,7
002867.SZ,20220525,13.3,13.47,13.3,13.4,0.4498,38474.08,-93.2,506.3,0.2,-0.0,-2.7,0.8,13.4,14.8,12.1,0,0.0,0.5,wait,15
002048.SZ,20220525,13.9,14.38,13.85,14.26,1.2065,106615.01,52.7,755.7,0.1,0.1,4.7,0.7,14.1,15.5,12.7,0,0.0,0.7,wait,11
600926.SH,20220525,13.32,13.46,13.32,13.4,0.2244,141890.32,-98.9,-1148.5,0.1,-0.1,-7.2,0.0,14.2,15.6,12.7,0,0.0,0.4,buy,56
601666.SH,20220525,15.39,16.13,15.06,15.82,2.7273,573415.49,118.3,308.3,0.2,0.3,16.4,1.0,14.6,16.0,13.1,0,0.0,0.9,wait,10
601211.SH,20220525,14.11,14.23,14.07,14.18,0.5674,151900.21,-53.3,79.5,0.1,0.0,0.2,0.1,14.4,15.9,13.0,0,0.0,0.6,wait,56
002402.SZ,20220525,14.45,14.6,14.15,14.41,0.4181,106137.86,-36.0,947.8,0.2,0.1,3.0,0.8,14.5,16.0,13.1,0,0.0,0.6,wait,15
600985.SH,20220525,14.56,15.03,14.53,14.95,3.9638,362766.56,108.9,337.1,0.1,0.1,7.2,1.0,14.3,15.7,12.9,0,0.0,1.2,wait,17
002493.SZ,20220525,14.68,14.79,14.2,14.28,-2.5921,302539.04,38.2,720.4,0.1,0.1,2.9,0.8,14.3,15.7,12.8,0,0.0,0.9,wait,56
603298.SH,20220525,14.0,14.0,13.65,13.75,-1.2213,19492.02,-148.1,-472.7,0.1,-0.1,-3.5,0.0,14.1,15.5,12.7,0,0.0,0.9,wait,56
603035.SH,20220525,15.11,16.0,14.51,15.99,5.824,377694.89,118.7,986.3,0.2,0.1,8.2,1.0,14.4,15.9,13.0,1,0.0,1.0,wait,0
000001.SZ,20220525,14.43,14.49,14.3,14.39,-0.0694,603228.26,-110.2,-298.7,0.1,0.0,0.1,0.0,14.9,16.3,13.4,0,0.0,0.6,wait,56
002128.SZ,20220525,14.32,14.86,14.14,14.82,3.7089,283473.29,70.2,468.0,0.1,0.1,3.0,1.0,14.6,16.1,13.2,0,0.0,0.7,wait,16
002463.SZ,20220525,14.05,14.67,14.04,14.43,1.5482,163186.76,29.0,830.8,0.3,-0.0,-1.2,0.9,13.8,15.1,12.4,0,0.0,0.6,wait,5
002585.SZ,20220525,14.44,14.65,14.17,14.58,0.8997,205939.8,29.7,1107.7,0.2,0.1,4.5,0.9,14.3,15.7,12.9,0,0.0,0.7,wait,12
603588.SH,20220525,14.72,14.82,14.51,14.6,0.0,19049.59,-12.6,535.1,0.1,0.0,0.8,0.8,14.6,16.1,13.2,0,0.0,0.4,wait,17
600557.SH,20220525,13.01,13.59,13.01,13.56,3.908,63825.71,-151.1,-219.2,0.2,-0.2,-11.2,0.5,14.1,15.5,12.7,0,0.0,0.6,wait,18
601965.SH,20220525,14.35,14.61,14.11,14.52,-0.1376,46092.55,30.3,1246.3,0.3,0.1,5.7,0.9,13.8,15.2,12.4,0,0.0,0.6,wait,4
000034.SZ,20220525,14.43,15.15,14.34,15.0,3.6628,90387.39,60.8,622.8,0.2,0.0,1.1,1.0,14.6,16.0,13.1,0,0.0,1.0,wait,17
002539.SZ,20220525,14.52,14.88,14.33,14.71,1.5183,224931.26,27.9,727.5,0.2,0.1,3.0,0.8,14.4,15.9,13.0,0,0.0,0.7,wait,22
600546.SH,20220525,15.7,16.15,15.16,16.11,4.2718,698739.8,102.1,1095.7,0.3,0.2,13.5,1.0,14.5,16.0,13.1,1,0.0,0.8,wait,0
603587.SH,20220525,14.48,14.81,14.47,14.7,1.2397,14634.42,-99.7,96.3,0.2,-0.0,-1.9,0.1,15.1,16.6,13.6,0,0.0,0.6,wait,15
002624.SZ,20220525,12.8454,13.4059,12.7352,13.36,3.3408,529496.27,-5.1,404.8,0.2,-0.0,-0.4,0.9,12.9,14.2,11.6,0,0.0,0.8,wait,13
002242.SZ,20220525,14.85,15.1,14.74,15.06,1.1417,49628.82,-56.3,803.2,0.2,0.0,1.6,0.7,15.0,16.5,13.5,0,0.0,0.6,wait,15
002236.SZ,20220525,15.4,15.56,15.34,15.53,0.7134,135081.75,21.9,65.0,0.1,0.1,4.2,0.3,15.7,17.2,14.1,0,0.0,0.4,wait,56
603040.SH,20220525,16.75,17.5,16.5,17.49,-1.1864,56674.42,120.6,1245.3,0.3,0.3,17.6,1.0,15.7,17.3,14.1,1,1.0,1.6,wait,2
600399.SH,20220525,15.15,15.54,14.9,15.36,0.2611,162349.7,-57.3,760.2,0.3,0.0,0.6,0.9,14.7,16.2,13.2,0,0.0,0.5,wait,2
688501.SH,20220525,14.62,15.0,14.62,14.85,-1.0,4620.68,-134.7,746.4,0.2,-0.0,-1.7,0.5,15.4,16.9,13.8,0,0.0,0.5,wait,16
601233.SH,20220525,15.87,16.02,15.59,15.6,-1.8868,281399.95,41.4,961.3,0.2,0.1,6.4,0.7,15.6,17.2,14.1,0,0.0,0.9,wait,16
603368.SH,20220525,14.86,15.26,14.75,15.23,2.4899,44022.53,-92.9,118.0,0.1,-0.0,-2.8,0.7,15.4,16.9,13.8,0,0.0,0.8,wait,16
002281.SZ,20220525,15.3,15.71,15.28,15.67,2.5524,36018.57,-61.0,787.2,0.1,0.0,0.7,0.8,15.7,17.3,14.2,0,0.0,0.8,wait,15
603693.SH,20220525,16.94,17.5,16.4,17.45,4.7419,107141.88,88.0,1120.3,0.2,0.2,12.2,1.0,16.4,18.0,14.7,0,0.0,0.8,wait,11
605007.SH,20220525,14.94,15.52,14.93,15.27,2.2088,16172.85,-149.6,315.1,0.2,-0.0,-2.0,0.7,15.6,17.1,14.0,0,0.0,0.8,wait,15
605136.SH,20220525,14.57,15.04,14.4,14.87,2.059,48100.1,-60.3,855.3,0.2,0.0,2.1,0.6,15.3,16.8,13.7,0,0.0,0.5,wait,14
603611.SH,20220525,14.81,15.24,14.66,15.21,2.8398,20659.58,5.7,845.1,0.1,-0.0,-1.9,0.8,15.0,16.5,13.5,0,0.0,0.7,wait,17
603992.SH,20220525,16.3,16.78,16.3,16.68,2.0183,11818.98,116.2,1000.8,0.2,0.1,7.4,1.0,15.7,17.2,14.1,0,0.0,1.1,wait,15
603809.SH,20220525,12.23,12.8,12.08,12.73,3.8336,27397.4,61.3,1059.5,0.2,0.1,3.9,1.0,12.1,13.3,10.9,0,0.0,0.8,wait,24
002318.SZ,20220525,15.0677,15.4286,15.019,15.3701,1.6776,52178.27,-72.1,889.3,0.2,-0.0,-0.8,0.8,15.2,16.7,13.7,0,0.0,0.6,wait,56
002120.SZ,20220525,16.68,17.94,16.4,17.63,4.505,263916.36,157.5,847.2,0.2,0.2,10.6,1.0,16.3,17.9,14.6,0,0.0,1.0,wait,15
002518.SZ,20220525,21.4912,22.6681,20.8582,22.5098,3.9267,294698.09,116.3,1494.2,0.4,0.9,40.6,1.0,17.8,19.6,16.0,1,1.0,1.0,wait,5
002979.SZ,20220525,15.55,15.97,15.55,15.83,1.7352,13375.54,-78.7,802.5,0.2,-0.0,-0.4,0.8,16.0,17.6,14.4,0,0.0,0.8,wait,14
600803.SH,20220525,16.31,17.03,16.18,16.98,3.5998,73966.87,164.3,293.6,0.1,0.0,2.7,1.0,16.3,17.9,14.7,0,0.0,0.8,wait,56
000960.SZ,20220525,16.27,16.46,16.06,16.28,-0.1227,384194.4,-26.9,-252.2,0.1,0.1,5.5,0.2,17.2,18.9,15.5,0,0.0,0.6,wait,7
002158.SZ,20220525,16.2,16.27,15.87,16.14,0.2484,26016.33,-65.5,948.6,0.2,0.0,0.6,0.8,16.2,17.8,14.6,0,0.0,0.6,wait,15
601838.SH,20220525,14.99,15.35,14.83,15.3,2.4782,229708.14,-95.3,-891.5,0.1,-0.2,-8.7,0.2,15.8,17.3,14.2,0,0.0,0.7,wait,56
002979.SZ,20220525,15.55,15.97,15.55,15.83,1.7352,13375.54,-78.7,802.5,0.2,-0.0,-0.4,0.8,16.0,17.6,14.4,0,0.0,0.8,wait,14
600803.SH,20220525,16.31,17.03,16.18,16.98,3.5998,73966.87,164.3,293.6,0.1,0.0,2.7,1.0,16.3,17.9,14.7,0,0.0,0.8,wait,56
000960.SZ,20220525,16.27,16.46,16.06,16.28,-0.1227,384194.4,-26.9,-252.2,0.1,0.1,5.5,0.2,17.2,18.9,15.5,0,0.0,0.6,wait,7
600104.SH,20220525,17.19,17.58,17.0,17.34,0.7554,440477.81,129.4,950.5,0.1,0.1,8.2,1.0,16.5,18.2,14.9,0,0.0,0.6,wait,56
600031.SH,20220525,15.9,16.28,15.81,16.26,1.8159,701536.92,-30.5,231.6,0.1,-0.0,-0.1,0.7,16.4,18.0,14.7,0,0.0,0.6,wait,17
002158.SZ,20220525,16.2,16.27,15.87,16.14,0.2484,26016.33,-65.5,948.6,0.2,0.0,0.6,0.8,16.2,17.8,14.6,0,0.0,0.6,wait,15
000636.SZ,20220525,16.06,16.39,16.06,16.35,0.6154,113774.32,-136.1,706.8,0.2,0.0,0.2,0.3,17.0,18.7,15.3,0,0.0,0.7,wait,12
605366.SH,20220525,19.4,21.6,19.37,19.81,0.1011,261526.98,210.7,1124.4,0.4,0.4,23.1,1.0,16.9,18.5,15.2,1,1.0,1.9,wait,2
603610.SH,20220525,15.88,16.15,15.67,16.07,2.0317,20763.08,-119.4,295.5,0.1,-0.1,-4.8,0.4,16.5,18.2,14.9,0,0.0,0.7,wait,15
002777.SZ,20220525,12.4339,12.7227,12.4339,12.6999,2.1393,14585.15,-8.4,817.9,0.1,-0.0,-0.4,0.8,12.7,14.0,11.4,0,0.0,0.9,wait,14
002384.SZ,20220525,16.92,17.14,16.4,16.65,-2.2314,266335.76,-52.3,659.2,0.1,0.0,1.1,0.7,16.9,18.6,15.2,0,0.0,1.0,wait,17
600183.SH,20220525,15.834,16.0364,15.7569,15.94,0.3639,88622.08,-110.4,872.4,0.1,0.0,0.3,0.6,16.1,17.7,14.5,0,0.0,0.6,wait,56
603466.SH,20220525,17.05,18.52,17.05,18.52,9.9762,197382.81,173.3,246.6,0.1,0.1,7.7,1.0,17.4,19.1,15.6,0,0.0,1.6,wait,11
002007.SZ,20220525,19.5,20.7,19.21,20.44,6.2923,1186316.95,254.3,704.7,0.2,0.3,19.1,1.0,17.6,19.4,15.9,1,1.0,2.6,wait,1
000902.SZ,20220525,16.12,16.35,15.93,16.24,0.3708,58899.4,-10.1,857.7,0.1,-0.0,-0.1,0.7,16.2,17.9,14.6,0,0.0,0.6,wait,17
600171.SH,20220525,16.86,17.6,16.86,17.15,1.5995,143298.69,19.9,954.3,0.2,0.0,2.0,0.8,17.1,18.8,15.4,0,0.0,0.5,wait,15
603319.SH,20220525,17.06,17.39,16.84,17.36,0.2889,57473.2,36.6,871.3,0.2,0.1,5.6,0.5,17.2,19.0,15.5,0,0.0,0.6,wait,13
600048.SH,20220525,16.18,16.36,15.84,16.22,0.2472,558389.08,-52.3,-237.8,0.1,-0.1,-3.0,0.2,16.8,18.4,15.1,0,0.0,0.5,wait,56
603886.SH,20220525,15.68,16.16,15.68,16.0,2.1059,19825.0,25.6,17.2,0.2,-0.0,-1.2,0.2,16.2,17.8,14.6,0,0.0,0.7,wait,15
002050.SZ,20220525,16.25,16.64,16.06,16.54,1.1621,138394.21,-120.1,772.0,0.2,-0.0,-2.6,0.8,16.6,18.3,14.9,0,0.0,0.6,wait,18
600171.SH,20220525,16.86,17.6,16.86,17.15,1.5995,143298.69,19.9,954.3,0.2,0.0,2.0,0.8,17.1,18.8,15.4,0,0.0,0.5,wait,15
603319.SH,20220525,17.06,17.39,16.84,17.36,0.2889,57473.2,36.6,871.3,0.2,0.1,5.6,0.5,17.2,19.0,15.5,0,0.0,0.6,wait,13
600048.SH,20220525,16.18,16.36,15.84,16.22,0.2472,558389.08,-52.3,-237.8,0.1,-0.1,-3.0,0.2,16.8,18.4,15.1,0,0.0,0.5,wait,56
600459.SH,20220525,17.33,17.68,17.27,17.43,0.577,41884.8,31.0,1099.3,0.2,0.1,5.4,0.8,17.5,19.2,15.7,0,0.0,0.6,wait,15
603886.SH,20220525,15.68,16.16,15.68,16.0,2.1059,19825.0,25.6,17.2,0.2,-0.0,-1.2,0.2,16.2,17.8,14.6,0,0.0,0.7,wait,15
603920.SH,20220525,16.39,16.99,16.25,16.55,1.0379,35209.39,-7.0,994.1,0.3,-0.0,-1.8,0.8,16.1,17.7,14.5,0,0.0,0.4,wait,4
002439.SZ,20220525,17.0,17.18,16.8,17.1,1.3634,68979.91,-97.2,214.8,0.1,-0.0,-2.5,0.5,17.7,19.4,15.9,0,0.0,0.5,wait,15
603565.SH,20220525,16.51,17.58,16.29,17.37,4.7648,112849.12,-4.8,-367.3,0.1,-0.0,-1.0,0.8,17.0,18.8,15.3,0,0.0,1.6,wait,56
603218.SH,20220525,20.05,20.93,19.7,20.73,1.6176,285838.6,99.1,1231.8,0.2,0.5,24.6,1.0,18.8,20.7,16.9,1,0.0,1.0,wait,0
000708.SZ,20220525,17.2,17.55,17.1,17.36,0.4049,63812.72,-59.1,-27.6,0.1,0.0,2.3,0.4,17.7,19.5,16.0,0,0.0,0.5,wait,17
600392.SH,20220525,17.4,17.97,17.4,17.53,-0.5672,305321.61,0.7,882.3,0.3,0.0,2.3,0.9,17.1,18.8,15.4,0,0.0,0.7,wait,11
002705.SZ,20220525,17.08,17.25,16.83,17.08,-0.6977,70923.12,-150.3,412.2,0.2,-0.1,-2.9,0.7,17.3,19.0,15.6,0,0.0,0.6,wait,56
002878.SZ,20220525,16.98,18.87,16.9,18.87,10.0292,88306.18,199.9,847.8,0.2,0.1,4.3,1.0,17.6,19.4,15.9,0,0.0,1.9,wait,15
000938.SZ,20220525,16.96,17.09,16.82,16.98,1.3731,124309.58,-186.8,26.9,0.2,-0.1,-6.7,0.7,17.6,19.3,15.8,0,0.0,0.7,wait,16
002182.SZ,20220525,18.79,18.88,18.16,18.53,0.108,170410.0,42.2,1114.3,0.2,0.1,7.9,0.7,18.3,20.1,16.4,0,0.0,0.6,wait,17
600549.SH,20220525,19.57,19.78,19.0,19.7,0.3566,195777.02,67.2,1327.7,0.3,0.3,16.1,1.0,18.0,19.8,16.2,0,0.0,0.5,wait,1
002444.SZ,20220525,17.2,17.67,17.13,17.53,0.0,136515.39,-155.3,665.2,0.2,-0.1,-4.3,0.8,17.1,18.8,15.4,0,0.0,0.6,wait,7
000988.SZ,20220525,18.72,19.17,18.72,18.97,1.3896,87131.33,64.9,1134.2,0.2,0.1,8.1,0.9,18.3,20.1,16.5,0,0.0,0.5,wait,16
002368.SZ,20220525,17.32,17.86,17.32,17.49,1.0983,73571.63,-151.1,706.8,0.2,-0.0,-2.1,0.6,18.2,20.0,16.4,0,0.0,1.1,wait,15
603477.SH,20220525,17.15,18.89,16.83,18.89,10.0175,227882.87,68.7,-1164.8,0.2,-0.0,-1.2,0.7,18.5,20.4,16.7,0,0.0,1.2,wait,2
002601.SZ,20220525,18.38,18.7,18.33,18.53,0.2163,94766.19,39.9,1014.2,0.2,0.1,3.0,0.8,18.5,20.3,16.6,0,0.0,0.6,wait,15
002643.SZ,20220525,18.69,18.98,18.55,18.79,0.1599,51386.93,20.7,940.5,0.3,0.1,3.9,0.8,18.2,20.0,16.4,0,0.0,0.9,wait,17
002690.SZ,20220525,17.64,18.26,17.62,18.2,3.1746,32972.44,-49.7,667.3,0.2,-0.0,-0.9,0.9,18.0,19.8,16.2,0,0.0,1.0,wait,16
603877.SH,20220525,18.25,18.95,18.25,18.83,3.2913,24025.0,0.7,743.2,0.2,0.0,2.4,0.5,18.8,20.7,16.9,0,0.0,0.7,wait,15
002955.SZ,20220525,19.82,20.28,19.6,20.18,1.5601,31763.75,87.4,1240.7,0.3,0.4,19.8,0.9,18.4,20.2,16.6,0,0.0,0.6,wait,1
003029.SZ,20220525,18.0,18.54,18.0,18.41,1.8252,16611.45,-125.9,3.2,0.1,-0.0,-2.0,0.3,19.2,21.1,17.3,0,0.0,0.6,wait,14
000830.SZ,20220525,18.9,19.57,18.9,19.18,0.9474,238855.3,90.3,562.6,0.1,0.1,7.7,0.7,18.5,20.4,16.7,0,0.0,0.7,wait,46
605108.SH,20220525,19.0,19.36,18.61,19.2,1.4263,15184.6,22.4,1165.0,0.2,0.1,4.0,0.8,18.5,20.4,16.7,0,0.0,0.4,wait,18
600323.SH,20220525,18.88,19.73,18.8,19.38,2.6483,100694.07,99.4,723.4,0.1,-0.0,-0.4,1.0,18.8,20.7,16.9,0,0.0,2.9,wait,56
601166.SH,20220525,19.55,19.65,19.44,19.53,0.2567,461297.85,-30.2,-693.8,0.1,-0.0,-0.1,0.1,19.9,21.9,17.9,0,0.0,0.5,wait,56
002245.SZ,20220525,18.75,18.97,18.15,18.33,-2.5,358384.43,-152.9,876.5,0.2,-0.1,-5.8,0.5,19.5,21.4,17.5,0,0.0,1.0,wait,16
603801.SH,20220525,19.65,20.58,19.5,20.56,4.4185,45229.3,109.2,-14.3,0.2,0.1,6.7,0.4,20.6,22.6,18.5,0,0.0,0.7,wait,7
605068.SH,20220525,19.21,19.97,19.2,19.61,0.9784,17169.0,17.2,989.9,0.2,0.1,2.9,0.8,19.5,21.5,17.6,0,0.0,0.7,wait,14
605189.SH,20220525,19.55,19.56,19.26,19.49,0.5676,5570.0,-93.0,395.8,0.3,0.0,0.1,0.1,20.3,22.4,18.3,0,0.0,0.3,wait,13
002851.SZ,20220525,19.04,19.65,18.78,19.52,2.521,18092.94,-136.7,661.6,0.1,-0.1,-3.2,0.8,19.7,21.7,17.8,0,0.0,0.7,wait,15
600089.SH,20220525,21.01,21.66,20.97,21.61,3.1504,902153.75,81.5,1324.7,0.2,0.2,11.6,1.0,20.3,22.3,18.3,0,0.0,0.8,wait,56
000672.SZ,20220525,19.67,19.89,19.35,19.88,1.8965,42989.8,-102.8,-594.3,0.1,-0.1,-3.4,0.4,20.3,22.3,18.2,0,0.0,0.5,wait,56
002925.SZ,20220525,18.82,19.33,18.16,19.05,-0.2618,63905.19,-143.1,778.4,0.1,0.0,1.0,0.3,19.9,21.9,17.9,0,0.0,1.4,wait,12
002484.SZ,20220525,21.56,21.7,20.9,21.45,0.8937,58640.94,34.1,1090.1,0.3,0.2,13.0,0.9,20.3,22.4,18.3,0,0.0,0.7,wait,1
603915.SH,20220525,21.5,21.6,20.82,21.32,-0.8372,26021.03,51.8,965.6,0.2,0.3,16.0,0.8,21.3,23.4,19.1,0,0.0,0.3,wait,10
002833.SZ,20220525,20.37,20.55,20.03,20.26,-0.2953,12312.75,-34.2,805.9,0.1,0.0,1.6,0.7,20.5,22.6,18.5,0,0.0,0.7,wait,15
002372.SZ,20220525,18.37,18.63,18.01,18.63,2.3626,51362.0,-83.5,634.2,0.1,-0.1,-5.2,0.5,18.9,20.7,17.0,0,0.0,0.6,wait,56
600741.SH,20220525,21.35,22.3,20.94,22.18,1.7898,326177.8,173.9,950.4,0.2,0.2,9.1,1.0,20.3,22.4,18.3,0,0.0,1.1,wait,17
002216.SZ,20220525,19.57,20.21,19.25,19.94,1.4758,79626.52,-76.7,-309.4,0.2,-0.1,-5.1,0.1,19.9,21.9,17.9,0,0.0,0.6,wait,8
001205.SZ,20220525,18.5,20.38,18.31,20.38,9.9838,59458.52,64.8,732.5,0.2,-0.0,-1.9,1.0,19.1,21.0,17.2,0,0.0,0.9,wait,14
603733.SH,20220525,20.05,20.33,19.92,20.02,-0.5958,19680.89,-184.4,578.6,0.1,-0.0,-0.6,0.4,21.1,23.2,19.0,0,0.0,0.7,wait,14
002727.SZ,20220525,21.07,22.65,21.06,22.41,5.5085,152571.64,197.5,812.6,0.2,0.2,9.7,1.0,20.9,23.0,18.8,0,0.0,1.8,wait,15
000581.SZ,20220525,20.52,20.92,20.47,20.87,1.7552,59122.69,88.6,1039.0,0.1,0.0,2.0,1.0,20.4,22.5,18.4,0,0.0,0.8,wait,56
001205.SZ,20220525,18.5,20.38,18.31,20.38,9.9838,59458.52,64.8,732.5,0.2,-0.0,-1.9,1.0,19.1,21.0,17.2,0,0.0,0.9,wait,14
603733.SH,20220525,20.05,20.33,19.92,20.02,-0.5958,19680.89,-184.4,578.6,0.1,-0.0,-0.6,0.4,21.1,23.2,19.0,0,0.0,0.7,wait,14
002727.SZ,20220525,21.07,22.65,21.06,22.41,5.5085,152571.64,197.5,812.6,0.2,0.2,9.7,1.0,20.9,23.0,18.8,0,0.0,1.8,wait,15
601601.SH,20220525,20.9,21.06,20.77,20.85,0.4819,159623.44,11.0,513.0,0.1,-0.0,-0.7,0.4,21.1,23.2,19.0,0,0.0,0.6,wait,56
002335.SZ,20220525,22.54,23.81,22.36,23.73,5.3262,138764.95,79.9,1161.2,0.3,0.3,18.1,1.0,22.1,24.3,19.9,0,0.0,0.7,wait,2
003022.SZ,20220525,27.16,27.28,25.73,26.77,-2.4061,232874.58,100.2,1367.0,0.4,0.9,41.8,0.9,23.0,25.3,20.7,1,1.0,0.7,wait,4
002884.SZ,20220525,19.35,19.95,19.03,19.78,1.332,15569.98,-152.7,581.1,0.2,-0.1,-4.0,0.7,19.7,21.7,17.8,0,0.0,0.7,wait,25
603855.SH,20220525,20.95,21.45,20.85,21.4,1.8078,7871.0,-152.5,78.8,0.1,-0.1,-5.7,0.6,21.4,23.5,19.2,0,0.0,0.6,wait,27
603927.SH,20220525,20.68,21.18,20.56,20.92,2.2983,47288.5,-80.9,14.8,0.2,-0.0,-2.0,0.2,21.6,23.7,19.4,0,0.0,0.9,wait,13
002396.SZ,20220525,20.84,20.9,20.52,20.78,1.1685,58552.76,-186.8,164.4,0.1,-0.1,-6.6,0.4,21.4,23.5,19.2,0,0.0,0.5,wait,34
600346.SH,20220525,22.0,22.03,21.35,21.72,-1.3176,226699.63,-166.1,58.3,0.2,-0.0,-0.4,0.5,22.0,24.2,19.8,0,0.0,1.1,wait,11
600529.SH,20220525,21.75,22.95,21.61,22.48,2.7422,95124.55,30.2,533.1,0.2,0.0,0.6,1.0,22.3,24.5,20.1,0,0.0,1.1,wait,15
600884.SH,20220525,22.22,22.65,21.67,22.19,-0.627,276841.31,-21.6,954.2,0.2,0.1,4.0,0.7,22.6,24.9,20.3,0,0.0,0.7,wait,11
600729.SH,20220525,20.76,21.34,20.75,21.29,1.9636,23382.4,-75.6,-738.0,0.2,-0.2,-12.2,0.1,22.6,24.9,20.4,0,0.0,0.5,wait,56
600764.SH,20220525,22.0,22.56,21.84,22.42,2.0018,63741.1,-25.0,792.2,0.1,0.1,3.3,0.7,22.8,25.0,20.5,0,0.0,0.8,wait,13
601615.SH,20220525,24.73,25.05,24.41,24.99,1.1331,371711.46,72.4,1261.5,0.2,0.3,17.7,0.9,23.6,25.9,21.2,0,0.0,0.6,wait,2
603355.SH,20220525,21.32,21.65,21.07,21.37,-0.1402,12859.27,-197.0,440.8,0.2,-0.1,-7.2,0.7,21.6,23.8,19.5,0,0.0,0.7,wait,56
603043.SH,20220525,21.95,22.2,21.63,21.92,-0.2276,15667.8,-88.2,-256.1,0.1,-0.1,-7.3,0.1,22.4,24.6,20.1,0,0.0,0.5,wait,21
002258.SZ,20220525,22.08,22.49,21.95,22.45,1.6757,76489.11,-77.8,714.6,0.2,-0.0,-2.0,0.8,22.2,24.4,20.0,0,0.0,0.6,wait,17
600900.SH,20220525,23.04,23.29,22.94,23.21,1.398,403913.45,68.9,344.1,0.1,0.0,1.0,0.7,23.0,25.3,20.7,0,0.0,0.8,wait,56
603916.SH,20220525,22.12,23.1,22.0,23.1,4.4304,32220.44,-51.7,41.9,0.2,-0.0,-0.4,0.8,22.6,24.8,20.3,0,0.0,1.0,wait,11
002555.SZ,20220525,20.59,21.16,20.58,21.03,1.1544,208856.22,-117.0,-408.4,0.2,-0.2,-13.6,0.3,21.9,24.1,19.7,0,0.0,0.5,wait,18
000063.SZ,20220525,22.31,22.62,22.3,22.53,0.7603,243798.08,-189.4,450.7,0.1,-0.1,-4.9,0.4,23.2,25.5,20.9,0,0.0,0.6,wait,28
603305.SH,20220525,23.12,23.6,22.85,23.5,1.0753,56950.66,15.6,1052.7,0.3,0.1,4.5,0.9,22.4,24.6,20.1,0,0.0,0.7,wait,3
000739.SZ,20220525,22.24,22.85,22.02,22.69,1.5213,184541.42,-131.0,668.2,0.3,-0.2,-12.4,0.6,23.5,25.8,21.1,0,0.0,0.4,wait,7
002223.SZ,20220525,22.16,22.72,22.06,22.59,1.5737,45989.86,-105.8,-190.4,0.1,-0.1,-6.7,0.4,23.4,25.8,21.1,0,0.0,0.6,wait,15
600584.SH,20220525,23.75,24.16,23.71,23.84,0.5059,161029.25,-26.7,895.5,0.2,0.1,3.1,0.8,23.7,26.1,21.4,0,0.0,0.6,wait,17
603681.SH,20220525,23.6,23.96,22.68,23.5,-1.2605,31602.31,-23.9,979.3,0.3,0.1,5.3,0.8,23.1,25.4,20.8,0,0.0,2.0,wait,15
601156.SH,20220525,22.42,23.29,22.33,23.0,1.5004,58115.89,-104.1,62.2,0.2,-0.1,-8.2,0.6,23.2,25.6,20.9,0,0.0,0.6,wait,25
603719.SH,20220525,23.01,24.0,23.01,23.8,3.0303,24501.2,-100.7,431.3,0.2,-0.1,-3.0,0.4,24.3,26.8,21.9,0,0.0,0.9,wait,15
600872.SH,20220525,24.5,24.82,24.3,24.77,1.3917,129978.8,-15.1,-295.0,0.1,0.0,2.3,0.4,25.2,27.7,22.7,0,0.0,0.5,wait,15
000977.SZ,20220525,23.72,24.2,23.72,24.11,2.0745,151160.95,-160.4,-81.0,0.1,-0.1,-4.6,0.4,25.0,27.5,22.5,0,0.0,0.6,wait,15
600566.SH,20220525,22.6693,23.0481,22.4362,22.9801,1.371,43277.02,-130.7,675.5,0.2,-0.1,-8.1,0.7,23.2,25.5,20.9,0,0.0,0.6,wait,15
002138.SZ,20220525,24.84,25.16,24.46,25.13,1.2082,46552.26,-63.1,889.0,0.2,0.0,1.8,0.7,24.9,27.4,22.4,0,0.0,0.6,wait,26
002832.SZ,20220525,24.06,24.09,23.63,23.77,-1.2053,18631.53,-190.7,541.3,0.1,-0.1,-6.6,0.6,24.1,26.5,21.7,0,0.0,0.8,wait,56
601155.SH,20220525,24.65,24.65,23.78,24.2,-1.8256,193058.1,-41.0,-139.5,0.2,0.0,0.0,0.2,25.4,27.9,22.8,0,0.0,0.7,wait,8
603859.SH,20220525,26.0,28.05,25.55,28.05,10.0,59107.21,152.8,951.8,0.2,0.2,11.2,1.0,26.0,28.6,23.4,0,0.0,3.9,wait,14
002801.SZ,20220525,24.63,25.48,24.1,25.26,1.3237,40485.19,-83.0,500.4,0.2,0.1,3.4,0.7,25.0,27.5,22.5,0,0.0,0.8,wait,2
601677.SH,20220525,24.54,25.18,24.18,24.89,1.7164,78418.06,-56.5,829.5,0.3,0.0,1.6,0.8,24.9,27.4,22.4,0,0.0,0.7,wait,16
600295.SH,20220525,26.89,27.64,26.28,27.44,3.6645,133900.53,109.6,225.6,0.2,0.3,16.3,0.7,26.5,29.1,23.8,0,0.0,0.8,wait,17
600690.SH,20220525,24.63,25.14,24.63,25.02,0.7652,197102.63,-171.1,146.3,0.1,-0.1,-5.0,0.5,25.2,27.7,22.7,0,0.0,0.5,wait,56
000408.SZ,20220525,29.95,30.93,29.2,29.84,-3.5864,267883.39,55.9,1290.7,0.3,0.7,34.3,0.8,28.4,31.2,25.5,0,0.0,0.9,wait,1
601869.SH,20220525,26.51,26.92,26.5,26.9,1.0139,16142.4,40.3,1036.2,0.2,0.2,8.6,0.8,26.0,28.6,23.4,0,0.0,0.5,wait,15
002487.SZ,20220525,29.31,30.86,29.19,30.36,2.4983,483080.84,102.0,1274.8,0.3,0.6,31.4,1.0,26.8,29.5,24.2,1,1.0,0.7,wait,4
605099.SH,20220525,23.8,24.39,23.8,24.3,0.8299,6173.0,-163.7,-80.0,0.2,-0.3,-18.0,0.3,25.7,28.3,23.1,0,0.0,0.6,wait,17
002831.SZ,20220525,26.01,26.29,25.71,25.95,-1.2933,10602.77,-180.1,586.5,0.1,-0.1,-4.6,0.5,26.4,29.0,23.7,0,0.0,0.5,wait,56
603180.SH,20220525,25.0,25.09,24.15,24.65,-1.4394,10970.22,-28.3,269.2,0.2,0.0,0.2,0.1,25.8,28.4,23.2,0,0.0,0.7,wait,9
003019.SZ,20220525,25.46,25.62,25.0,25.33,0.0,12134.0,-187.1,-59.3,0.3,-0.2,-10.5,0.7,25.8,28.4,23.2,0,0.0,0.5,wait,8
605336.SH,20220525,25.15,25.4,24.76,25.05,-0.5952,15064.4,-109.1,-890.8,0.1,-0.2,-11.0,0.0,26.2,28.8,23.6,0,0.0,0.7,wait,56
002497.SZ,20220525,29.1,29.39,27.96,28.74,-0.5536,505353.29,37.3,1184.4,0.2,0.3,16.1,0.8,28.1,30.9,25.3,0,0.0,0.8,wait,17
603707.SH,20220525,27.28,27.48,26.98,27.39,-0.6168,35926.82,-71.7,1004.8,0.1,0.0,2.0,0.6,27.7,30.4,24.9,0,0.0,0.8,wait,17
002876.SZ,20220525,26.88,27.46,26.58,26.88,0.4109,46309.66,-44.3,859.6,0.2,0.0,0.4,0.5,27.9,30.7,25.1,0,0.0,0.6,wait,11
603008.SH,20220525,27.11,27.46,26.25,26.65,-2.3094,28175.11,18.0,1056.1,0.2,0.1,4.6,0.7,26.4,29.0,23.8,0,0.0,0.8,wait,15
002938.SZ,20220525,27.1,27.1,26.51,26.86,-0.5922,67558.16,-222.7,49.8,0.1,-0.1,-6.7,0.1,28.3,31.1,25.4,0,0.0,0.7,wait,56
002984.SZ,20220525,27.31,27.55,26.39,27.01,-1.6029,36328.0,-212.0,757.5,0.2,-0.1,-6.8,0.7,27.8,30.6,25.0,0,0.0,1.0,wait,15
002008.SZ,20220525,28.15,28.76,28.08,28.74,1.6985,133165.42,-39.7,974.4,0.1,0.1,3.0,0.7,29.4,32.4,26.5,0,0.0,0.6,wait,11
002430.SZ,20220525,28.11,28.32,27.43,27.54,-1.9929,29301.3,-131.9,336.3,0.3,-0.1,-5.0,0.8,27.8,30.5,25.0,0,0.0,0.5,wait,11
603233.SH,20220525,28.6,31.48,28.2,31.48,9.993,101396.76,275.8,370.7,0.2,0.1,6.2,1.0,28.2,31.1,25.4,1,0.0,2.4,wait,0
000028.SZ,20220525,27.48,28.78,27.41,28.74,4.6613,37941.65,-36.9,-376.6,0.1,-0.1,-7.1,0.7,28.9,31.7,26.0,0,0.0,1.6,wait,18
603416.SH,20220525,29.04,29.3,28.62,29.22,0.6198,10884.34,-111.2,877.8,0.2,0.0,2.4,0.7,29.5,32.5,26.6,0,0.0,0.8,wait,17
600511.SH,20220525,27.1,27.86,27.01,27.75,3.1982,105956.34,-82.2,-484.5,0.2,-0.3,-18.2,0.4,28.8,31.6,25.9,0,0.0,0.7,wait,13
605338.SH,20220525,28.37,29.0,27.98,28.21,-0.564,20257.92,-105.5,-385.8,0.1,-0.2,-9.1,0.0,29.6,32.6,26.7,0,0.0,1.1,wait,24
002475.SZ,20220525,29.06,29.49,28.74,29.27,0.7226,396721.02,-124.5,572.8,0.2,-0.1,-4.4,0.7,29.9,32.9,26.9,0,0.0,0.6,wait,17
000786.SZ,20220525,28.9,29.1,28.71,28.88,-0.0692,45778.04,-142.5,85.4,0.1,-0.1,-6.6,0.4,29.7,32.7,26.7,0,0.0,0.5,wait,31
002993.SZ,20220525,29.0,29.49,28.7,29.45,1.2375,13503.88,-146.8,-132.0,0.1,-0.1,-4.5,0.3,29.8,32.8,26.9,0,0.0,0.6,wait,14
603005.SH,20220525,19.41,19.76,19.18,19.38,1.201,142586.49,16.7,928.3,0.2,0.1,5.4,0.6,19.6,21.5,17.6,0,0.0,0.7,wait,11
002568.SZ,20220525,30.37,30.8,29.5,30.24,-0.2639,49217.69,-81.4,376.9,0.2,0.0,0.6,0.2,31.5,34.6,28.3,0,0.0,0.7,wait,11
003021.SZ,20220525,31.24,31.43,30.61,31.38,-0.1591,11392.99,-55.2,942.1,0.2,0.0,2.6,0.8,31.7,34.8,28.5,0,0.0,0.8,wait,12
605398.SH,20220525,30.2,31.13,30.11,31.1,2.9801,6009.0,-127.8,605.7,0.2,-0.0,-2.7,0.4,31.9,35.1,28.7,0,0.0,0.9,wait,13
605337.SH,20220525,25.17,25.17,23.81,24.51,-2.6222,60633.82,75.9,936.4,0.2,0.4,23.0,0.8,23.3,25.7,21.0,0,0.0,1.0,wait,21
002028.SZ,20220525,32.24,34.03,31.38,33.72,3.2772,122650.86,66.6,1065.3,0.3,0.3,14.2,0.9,31.9,35.1,28.7,0,0.0,1.1,wait,17
600315.SH,20220525,31.18,31.92,31.16,31.92,1.6237,33118.6,-81.0,584.2,0.1,-0.1,-2.9,0.8,32.1,35.3,28.9,0,0.0,0.7,wait,17
002415.SZ,20220525,31.2669,31.6752,30.9266,31.51,0.7775,565206.82,-84.8,-691.6,0.2,0.0,2.3,0.0,34.1,37.5,30.7,0,0.0,0.5,wait,5
600111.SH,20220525,34.1,34.42,33.35,34.18,0.1465,640630.69,21.8,1054.3,0.2,0.2,11.1,0.8,33.8,37.1,30.4,0,0.0,0.6,wait,15
002407.SZ,20220525,39.9,40.1,38.07,39.5,0.5089,444397.42,90.6,1427.1,0.3,1.0,44.8,1.0,35.5,39.1,32.0,1,1.0,0.7,wait,4
000513.SZ,20220525,31.67,31.79,31.3,31.74,1.0828,43616.43,-83.0,-431.0,0.1,-0.2,-12.0,0.1,33.0,36.3,29.7,0,0.0,0.6,wait,26
603380.SH,20220525,33.0,33.79,32.74,33.25,-0.1502,3679.0,-23.4,795.4,0.2,0.0,0.6,0.9,32.3,35.5,29.1,0,0.0,0.8,wait,17
002968.SZ,20220525,32.33,33.1,31.68,33.07,2.7019,6654.5,-73.5,71.3,0.1,-0.1,-8.5,0.5,33.1,36.4,29.8,0,0.0,0.8,wait,56
600406.SH,20220525,32.4,33.93,31.91,33.68,3.6946,240490.2,-13.6,795.3,0.3,0.0,0.2,0.9,32.3,35.5,29.0,0,0.0,1.0,wait,14
000651.SZ,20220525,31.77,31.83,31.46,31.77,-0.0629,268487.98,-173.6,-232.9,0.1,-0.2,-12.7,0.4,32.5,35.8,29.3,0,0.0,0.6,wait,56
603738.SH,20220525,33.13,33.91,32.93,33.66,1.5691,25962.0,-13.2,995.0,0.2,0.1,3.5,0.8,33.1,36.4,29.8,0,0.0,0.6,wait,15
002142.SZ,20220525,33.2,33.33,32.8,33.22,0.7277,182501.5,-75.7,-1003.8,0.1,-0.1,-6.4,0.2,34.4,37.8,31.0,0,0.0,0.5,wait,56
603039.SH,20220525,35.06,35.65,34.04,34.32,-3.0235,28026.11,8.0,-259.0,0.3,0.4,21.0,0.2,38.1,41.9,34.3,0,0.0,0.6,wait,5
601877.SH,20220525,34.22,35.05,34.0,34.95,1.6579,98415.93,-47.8,869.4,0.2,0.0,2.5,0.8,34.7,38.2,31.2,0,0.0,0.5,wait,16
002241.SZ,20220525,35.8022,36.3393,35.4442,36.21,0.8029,282732.61,10.1,941.1,0.3,0.2,9.7,0.9,35.1,38.6,31.6,0,0.0,0.5,wait,17
600141.SH,20220525,36.25,36.57,35.4,36.4,0.831,259449.61,59.9,1103.8,0.2,0.3,18.0,0.8,34.9,38.4,31.4,0,0.0,0.7,wait,1
603197.SH,20220525,35.15,36.38,34.08,35.78,1.3311,51136.0,-15.9,1036.6,0.2,0.0,2.0,0.8,35.3,38.8,31.8,0,0.0,0.6,wait,11
000049.SZ,20220525,35.8,36.25,35.01,35.79,-0.2508,60306.05,23.1,1184.4,0.2,0.2,11.0,0.8,34.5,38.0,31.1,0,0.0,0.5,wait,1
002353.SZ,20220525,33.68,35.75,33.64,35.52,5.4632,97353.25,86.7,542.2,0.2,-0.1,-5.6,1.0,34.4,37.8,31.0,0,0.0,1.1,wait,14
603883.SH,20220525,36.32,39.8,35.88,39.8,10.0055,69272.21,297.0,862.4,0.3,0.2,13.6,1.0,35.2,38.8,31.7,1,0.0,3.0,wait,0
600378.SH,20220525,35.08,36.68,34.3,36.45,3.9943,24807.76,-36.1,623.8,0.2,-0.0,-0.3,1.0,35.3,38.9,31.8,0,0.0,1.3,wait,15
002648.SZ,20220525,36.46,36.89,36.22,36.57,-0.2183,48181.27,25.2,804.1,0.1,0.2,8.7,0.8,36.7,40.4,33.0,0,0.0,0.6,wait,16
605009.SH,20220525,34.78,35.52,34.73,35.39,1.0277,5811.57,-193.0,294.6,0.1,-0.1,-3.9,0.2,36.9,40.6,33.2,0,0.0,0.6,wait,15
002960.SZ,20220525,23.82,25.94,23.24,25.76,7.1547,64889.29,-42.6,774.5,0.2,-0.1,-8.5,0.8,25.3,27.8,22.8,0,0.0,1.7,wait,14
600036.SH,20220525,38.98,39.1,38.64,38.78,-0.3085,489025.4,55.6,141.0,0.1,0.3,16.4,0.4,39.2,43.1,35.3,0,0.0,0.5,wait,11
600887.SH,20220525,37.06,37.5,36.91,37.14,0.1078,264342.88,-68.2,-525.4,0.1,-0.1,-6.5,0.1,37.7,41.5,33.9,0,0.0,0.5,wait,56
002709.SZ,20220525,38.71,39.4,37.89,38.23,-1.6212,336366.91,-41.7,1109.5,0.2,0.2,9.8,0.6,39.4,43.3,35.4,0,0.0,0.6,wait,15
600585.SH,20220525,36.92,37.24,36.73,37.12,0.5417,126211.12,-128.1,-794.1,0.1,-0.1,-7.0,0.1,38.1,41.9,34.3,0,0.0,0.6,wait,56
603938.SH,20220525,41.58,42.45,39.9,40.9,-1.6354,62854.12,92.3,1115.7,0.4,0.6,29.2,1.0,37.2,41.0,33.5,0,1.0,1.0,wait,0
002597.SZ,20220525,36.0,36.5,35.6,36.16,1.2885,50934.75,-129.1,-377.8,0.1,-0.4,-23.7,0.3,38.0,41.8,34.2,0,0.0,0.5,wait,56
002129.SZ,20220525,42.51,43.1,42.06,42.68,0.0,313439.45,49.2,1230.1,0.2,0.5,25.7,0.9,41.3,45.4,37.1,0,0.0,0.7,wait,17
603678.SH,20220525,38.74,39.8,38.39,39.35,1.001,44560.31,-190.1,716.4,0.2,-0.0,-2.7,0.8,40.2,44.2,36.2,0,0.0,0.7,wait,15
600438.SH,20220525,45.2,45.45,44.44,45.17,0.4671,412730.16,75.3,1256.6,0.2,0.8,37.5,0.9,42.2,46.5,38.0,0,0.0,0.5,wait,1
000999.SZ,20220525,39.04,40.6,38.72,40.49,4.0607,43790.16,-2.6,464.9,0.2,0.0,2.7,0.9,39.1,43.0,35.2,0,0.0,0.7,wait,10
002541.SZ,20220525,39.43,40.54,39.4,40.32,1.2811,22942.14,37.4,840.9,0.1,0.1,8.3,0.9,39.9,43.8,35.9,0,0.0,1.2,wait,13
600038.SH,20220525,34.56,34.8,33.76,34.72,0.3758,193412.43,-181.8,19.9,0.2,-0.8,-37.2,0.0,40.1,44.1,36.1,-1,-1.0,0.9,wait,2
605399.SH,20220525,44.41,45.09,43.53,43.71,-1.3764,29598.0,74.8,1026.5,0.2,0.5,24.3,0.8,42.8,47.1,38.5,0,0.0,0.8,wait,15
603939.SH,20220525,44.93,47.66,44.13,46.98,4.8661,66794.24,207.4,930.3,0.3,0.5,25.1,1.0,41.2,45.4,37.1,1,1.0,1.7,wait,1
600976.SH,20220525,39.37,40.15,38.73,39.91,1.3716,31773.53,-142.1,490.4,0.2,-0.2,-13.7,0.7,41.6,45.8,37.4,0,0.0,0.8,wait,13
601318.SH,20220525,43.03,43.5,43.02,43.23,0.2086,263748.91,-111.2,-664.9,0.1,-0.0,-2.4,0.0,44.3,48.8,39.9,0,0.0,0.6,wait,56
600460.SH,20220525,45.15,46.16,44.26,44.82,-0.7529,212646.0,-3.1,1120.0,0.2,0.2,11.5,0.8,44.6,49.1,40.2,0,0.0,0.6,wait,17
603369.SH,20220525,43.45,44.16,42.71,43.82,1.1542,92411.53,-75.6,195.0,0.1,-0.1,-4.6,0.6,44.1,48.5,39.7,0,0.0,1.0,wait,35
603217.SH,20220525,29.5329,29.5329,27.5002,28.2494,-4.0666,28248.22,42.1,1114.2,0.4,0.3,18.9,0.9,27.0,29.6,24.3,0,0.0,1.2,wait,1
002271.SZ,20220525,45.3,46.77,45.23,45.96,1.457,100139.48,78.7,446.6,0.1,0.2,13.8,0.8,45.0,49.5,40.5,0,0.0,0.5,wait,56
002240.SZ,20220525,50.21,50.79,48.17,49.99,-0.9707,324166.77,96.3,1146.5,0.3,0.7,35.1,1.0,46.4,51.1,41.8,0,0.0,0.8,wait,16
003026.SZ,20220525,44.0,45.51,43.83,44.43,0.5204,9264.0,-41.6,672.1,0.3,-0.1,-7.0,0.5,45.9,50.5,41.3,0,0.0,0.6,wait,10
603658.SH,20220525,42.55,46.89,42.2,44.3,3.9174,74164.84,-30.0,-443.0,0.1,-0.3,-15.9,0.5,45.0,49.5,40.5,0,0.0,1.8,wait,56
603666.SH,20220525,48.27,49.9,47.19,48.83,0.4939,14541.4,33.0,1215.3,0.2,0.6,30.7,0.7,47.7,52.4,42.9,0,0.0,0.8,wait,2
601100.SH,20220525,46.9,47.55,46.5,47.4,0.6797,22567.54,-83.3,850.2,0.2,-0.1,-3.7,0.7,47.9,52.7,43.1,0,0.0,0.6,wait,17
603155.SH,20220525,32.697,34.2238,32.2444,33.1497,0.2452,16939.1,-38.1,-13.4,0.2,0.1,5.5,0.7,33.6,37.0,30.3,0,0.0,1.1,wait,16
603899.SH,20220525,47.8,50.28,47.5,50.0,3.8637,29425.93,70.7,806.4,0.1,-0.0,-0.7,1.0,48.2,53.0,43.3,0,0.0,1.1,wait,56
002352.SZ,20220525,48.68,48.91,47.75,48.5,0.3933,211714.81,-87.1,-64.6,0.1,-0.1,-3.2,0.5,49.1,54.1,44.2,0,0.0,0.5,wait,34
603896.SH,20220525,37.4283,37.9654,36.5766,37.8196,1.0247,10945.08,-122.6,412.1,0.1,-0.0,-0.7,0.8,37.9,41.7,34.1,0,0.0,0.6,wait,17
600885.SH,20220525,50.0,50.9,48.95,50.11,0.0,54695.43,-52.4,944.6,0.3,-0.0,-1.8,0.8,49.4,54.4,44.5,0,0.0,1.2,wait,5
603995.SH,20220525,34.01,34.75,33.1,33.49,-2.3615,11006.51,-45.3,774.7,0.2,-0.0,-2.2,0.7,33.7,37.1,30.3,0,0.0,0.6,wait,15
002557.SZ,20220525,54.1,54.92,53.48,54.14,0.0924,23215.17,-6.2,-509.8,0.1,0.2,10.4,0.3,54.6,60.1,49.2,0,0.0,0.5,wait,56
605266.SH,20220525,54.32,57.59,54.18,57.39,5.1677,7423.22,175.4,-549.5,0.1,0.2,13.8,0.6,55.7,61.2,50.1,0,0.0,1.7,wait,16
000333.SZ,20220525,53.5,53.8,53.0,53.4,-0.725,221974.39,-184.2,-358.7,0.1,-0.4,-23.5,0.2,55.9,61.5,50.3,0,0.0,0.6,wait,56
603198.SH,20220525,57.55,58.6,55.8,57.27,-0.5557,75593.1,-20.3,575.9,0.1,0.1,3.9,0.6,57.6,63.3,51.8,0,0.0,0.9,wait,28
605358.SH,20220525,59.38,60.7,58.8,59.98,1.0104,70213.52,22.0,1101.7,0.2,0.3,15.2,0.9,58.1,63.9,52.3,0,0.0,0.5,wait,17
603816.SH,20220525,62.83,63.33,61.0,61.9,-1.4802,31654.06,-16.5,1021.5,0.2,0.0,2.3,0.7,61.7,67.9,55.6,0,0.0,1.0,wait,56
600745.SH,20220525,67.79,68.47,64.77,67.09,-0.4452,216853.53,-72.3,983.4,0.2,-0.2,-9.0,0.5,69.4,76.3,62.4,0,0.0,0.9,wait,11
600309.SH,20220525,83.05,83.18,81.58,82.31,0.3413,61039.37,18.1,902.4,0.1,0.1,3.7,0.8,81.4,89.5,73.3,0,0.0,0.6,wait,56
603799.SH,20220525,89.07,89.67,87.0,88.95,-0.1123,121686.1,10.7,1102.4,0.3,0.4,21.7,0.8,86.7,95.3,78.0,0,0.0,0.6,wait,17
603486.SH,20220525,99.0,100.39,96.21,97.01,-3.2802,23366.98,-37.5,216.4,0.2,-0.0,-0.5,0.3,100.5,110.5,90.4,0,0.0,0.8,wait,11
002460.SZ,20220525,119.43,121.18,116.68,118.99,-0.5931,202952.14,47.9,1215.5,0.3,1.7,58.9,0.8,114.7,126.1,103.2,0,0.0,0.5,wait,1
605123.SH,20220525,104.21,106.94,103.58,104.25,-0.4013,8186.06,-205.8,248.0,0.2,-0.6,-30.9,0.7,107.2,117.9,96.5,0,0.0,0.5,wait,17
605168.SH,20220525,119.0,120.9,116.57,120.22,1.1272,7874.24,-25.3,949.3,0.1,0.3,17.7,0.8,122.6,134.8,110.3,0,0.0,0.7,wait,12
600703.SH,20220525,19.71,20.32,19.61,19.95,1.2177,495898.15,-38.8,966.6,0.2,-0.0,-2.3,0.7,20.2,22.3,18.2,0,0.0,0.6,wait,12
600763.SH,20220525,123.09,126.1,123.09,125.19,0.5542,23547.35,-81.3,292.5,0.1,-0.5,-28.2,0.4,129.8,142.8,116.8,0,0.0,0.4,wait,15
600882.SH,20220525,32.8,33.47,32.7,33.03,0.0909,25240.87,-51.6,872.1,0.1,-0.0,-0.2,0.7,33.1,36.4,29.8,0,0.0,0.5,wait,18
002036.SZ,20220525,12.21,12.48,12.17,12.38,1.5587,204413.86,-20.5,1014.0,0.3,0.0,2.0,0.8,12.4,13.7,11.2,0,0.0,0.5,wait,15
