,001965.SZ,20220526,7.4,7.87,7.37,7.81,5.9701,153546.41,7.68,7.66,7.37,7.07,4.03,57.71,5.92,0.68,2.6,crossOverSMA,https://gu.qq.com/sh600548/gp
1,002978.SZ,20220526,31.75,31.84,30.43,31.32,-1.1987,15419.0,31.2,33.28,31.31,29.35,6.27,39.03,10.64,0.59,0.62,other,https://gu.qq.com/sh600548/gp
2,002531.SZ,20220526,12.74,13.58,12.53,13.21,3.2838,800548.5,13.11,13.15,10.86,8.56,21.15,64.41,20.82,1.02,0.77,other,https://gu.qq.com/sh600548/gp
3,002080.SZ,20220526,21.9,22.21,21.38,21.93,0.0456,124200.32,21.84,22.89,21.03,19.17,8.85,49.29,10.22,0.87,0.57,other,https://gu.qq.com/sh600548/gp
4,002027.SZ,20220526,5.6,5.9,5.56,5.84,4.2857,2330236.67,5.77,6.0,5.65,5.31,6.12,49.45,7.64,0.8,1.35,crossOverSMA,https://gu.qq.com/sh600548/gp
5,002001.SZ,20220526,20.64,20.7,20.08,20.55,-0.436,219491.44,20.44,21.94,21.12,20.31,3.85,34.49,8.44,0.46,0.58,other,https://gu.qq.com/sh600548/gp
6,000935.SZ,20220526,20.59,20.79,20.3,20.51,0.3425,31597.6,20.53,21.88,19.15,16.42,14.27,59.93,17.94,0.8,0.58,other,https://gu.qq.com/sh600548/gp
7,000877.SZ,20220526,11.93,12.2,11.91,12.15,2.0151,128183.96,12.09,12.45,12.13,11.81,2.65,42.97,3.79,0.7,0.96,other,https://gu.qq.com/sh600548/gp
8,000785.SZ,20220526,4.17,4.26,4.14,4.19,1.4528,97572.0,4.2,4.17,3.96,3.76,5.21,55.66,9.15,0.57,0.66,other,https://gu.qq.com/sh600548/gp
9,000776.SZ,20220526,16.57,17.25,16.41,17.01,2.2236,696677.38,16.89,16.96,15.85,14.73,7.04,56.72,7.74,0.91,0.77,other,https://gu.qq.com/sh600548/gp
10,603977.SH,20220526,8.38,8.7,8.24,8.56,2.3923,74869.52,8.5,8.72,8.35,7.99,4.37,47.74,8.37,0.52,0.82,other,https://gu.qq.com/sh600548/gp
11,603568.SH,20220526,27.95,28.2,27.41,27.6,-0.8264,29806.19,27.74,29.97,26.73,23.48,12.13,53.29,15.54,0.78,0.84,other,https://gu.qq.com/sh600548/gp
12,603260.SH,20220526,96.4,96.7,92.5,94.17,-2.3133,95443.26,94.46,98.14,84.86,71.57,15.65,54.93,15.65,1.0,0.5,other,https://gu.qq.com/sh600548/gp
13,603258.SH,20220526,20.15,20.49,19.7,20.37,2.568,22174.67,20.19,21.25,20.02,18.79,6.12,42.99,10.75,0.57,1.19,crossOverSMA,https://gu.qq.com/sh600548/gp
14,601919.SH,20220526,15.09,15.23,14.87,15.12,-0.4608,1001857.63,15.07,15.22,14.41,13.59,5.64,54.29,6.16,0.92,0.57,other,https://gu.qq.com/sh600548/gp
15,601918.SH,20220526,5.31,5.52,5.28,5.46,2.2472,742527.85,5.42,5.29,4.78,4.27,10.7,62.8,11.83,0.9,0.91,other,https://gu.qq.com/sh600548/gp
16,601717.SH,20220526,12.44,13.0,12.44,12.72,4.2623,378992.24,12.72,12.7,11.96,11.21,6.2,57.94,7.32,0.85,2.09,other,https://gu.qq.com/sh600548/gp
17,601512.SH,20220526,8.91,9.06,8.85,9.04,1.9166,49455.86,8.98,9.41,8.89,8.36,5.95,50.68,7.98,0.74,0.91,crossOverSMA,https://gu.qq.com/sh600548/gp
18,601377.SH,20220526,6.14,6.31,6.08,6.25,2.1242,694730.74,6.21,6.35,6.21,6.08,2.21,37.18,5.62,0.39,1.16,other,https://gu.qq.com/sh600548/gp
19,601101.SH,20220526,8.87,9.69,8.84,9.69,9.9886,943884.64,9.41,8.92,8.13,7.34,9.74,61.86,12.62,0.77,2.29,other,https://gu.qq.com/sh600548/gp
20,600989.SH,20220526,14.49,14.68,14.12,14.6,0.7591,123603.85,14.47,15.2,14.02,12.85,8.37,50.57,10.23,0.82,0.47,other,https://gu.qq.com/sh600548/gp
21,600596.SH,20220526,17.9,18.24,17.42,17.95,-0.0557,395495.87,17.87,18.55,17.69,16.84,4.84,46.41,8.0,0.61,0.62,other,https://gu.qq.com/sh600548/gp
22,600426.SH,20220526,29.6,29.61,28.75,29.29,-0.7791,166976.14,29.22,31.39,29.96,28.53,4.77,39.71,6.18,0.77,0.72,other,https://gu.qq.com/sh600548/gp
23,600176.SH,20220526,15.76,15.76,15.33,15.52,-0.8307,279204.0,15.54,16.12,15.45,14.78,4.33,51.09,6.93,0.62,0.74,other,https://gu.qq.com/sh600548/gp
24,600030.SH,20220526,19.33,19.75,19.21,19.62,1.6054,660404.47,19.53,19.78,19.2,18.61,3.05,47.43,4.17,0.73,0.86,other,https://gu.qq.com/sh600548/gp
25,601636.SH,20220526,10.8968,11.13,10.7849,11.13,2.053,354592.09,11.01,11.11,10.3,9.48,7.9,54.33,7.97,0.99,0.67,other,https://gu.qq.com/sh600548/gp
26,002818.SZ,20220526,11.7,11.82,11.52,11.8,0.8547,26020.8,11.71,12.21,11.59,10.97,5.35,54.59,6.65,0.8,0.79,other,https://gu.qq.com/sh600548/gp
27,002677.SZ,20220526,13.45,13.6,13.3,13.51,0.4461,21949.49,13.47,13.91,13.43,12.95,3.59,48.75,4.41,0.81,0.69,other,https://gu.qq.com/sh600548/gp
28,002315.SZ,20220526,14.44,14.49,13.91,14.33,-0.3477,53467.4,14.24,16.94,14.57,12.2,16.27,45.57,20.96,0.78,0.33,other,https://gu.qq.com/sh600548/gp
29,603882.SH,20220526,81.31,81.31,77.5,78.6,-3.4991,54253.47,79.14,89.88,82.13,74.38,9.44,46.99,15.14,0.62,1.32,other,https://gu.qq.com/sh600548/gp
30,002466.SZ,20220526,97.53,98.58,94.56,97.0,-0.5332,482139.54,96.71,100.81,82.28,63.75,22.52,71.75,26.26,0.86,0.56,other,https://gu.qq.com/sh600548/gp
31,600010.SH,20220526,2.03,2.04,1.96,2.01,-0.9852,6690839.73,2.0,2.03,1.89,1.75,7.37,51.19,9.15,0.81,0.7,other,https://gu.qq.com/sh600548/gp
32,600170.SH,20220526,3.05,3.09,3.04,3.08,1.3158,655383.15,3.07,3.23,3.11,2.99,3.86,44.24,4.7,0.82,0.99,other,https://gu.qq.com/sh600548/gp
33,600282.SH,20220526,3.19,3.24,3.17,3.22,0.625,275010.05,3.21,3.31,3.21,3.11,3.12,45.22,4.98,0.63,0.63,other,https://gu.qq.com/sh600548/gp
34,000629.SZ,20220526,3.3,3.36,3.23,3.34,1.2121,476610.36,3.31,3.39,3.16,2.94,7.07,48.34,9.77,0.72,0.65,other,https://gu.qq.com/sh600548/gp
35,000630.SZ,20220526,3.18,3.24,3.15,3.22,0.625,1459628.5,3.2,3.35,3.21,3.06,4.53,43.01,9.43,0.48,0.55,other,https://gu.qq.com/sh600548/gp
36,600219.SH,20220526,3.43,3.45,3.37,3.44,0.8798,631723.94,3.42,3.5,3.27,3.04,7.08,47.38,9.03,0.78,0.46,other,https://gu.qq.com/sh600548/gp
37,002392.SZ,20220526,3.5,3.54,3.43,3.52,1.1494,96216.53,3.5,3.54,3.43,3.33,3.07,40.96,10.07,0.3,0.57,other,https://gu.qq.com/sh600548/gp
38,601618.SH,20220526,3.51,3.56,3.49,3.53,1.1461,935562.84,3.53,3.58,3.46,3.34,3.43,49.46,4.71,0.73,1.05,other,https://gu.qq.com/sh600548/gp
39,000725.SZ,20220526,3.89,3.94,3.86,3.93,1.2887,2628325.47,3.91,3.94,3.8,3.67,3.58,49.35,4.95,0.72,0.78,other,https://gu.qq.com/sh600548/gp
40,000656.SZ,20220526,3.16,3.33,3.15,3.28,2.8213,2698099.79,3.25,4.56,3.93,3.3,16.01,32.06,14.02,1.14,0.63,other,https://gu.qq.com/sh600548/gp
41,000552.SZ,20220526,4.25,4.41,4.21,4.37,3.3097,1059747.42,4.33,4.44,3.96,3.48,12.13,63.73,13.54,0.9,1.1,other,https://gu.qq.com/sh600548/gp
42,601003.SH,20220526,4.17,4.27,4.12,4.23,1.6827,97595.15,4.21,4.79,4.3,3.8,11.55,34.97,21.21,0.54,0.75,other,https://gu.qq.com/sh600548/gp
43,601016.SH,20220526,4.4101,4.4595,4.331,4.4101,0.451,634754.8,4.4,4.54,4.18,3.81,8.82,55.14,10.14,0.87,0.61,other,https://gu.qq.com/sh600548/gp
44,000035.SZ,20220526,4.49,4.56,4.44,4.51,2.0362,147956.99,4.5,4.51,4.27,4.02,5.77,51.92,8.09,0.71,1.27,other,https://gu.qq.com/sh600548/gp
45,002084.SZ,20220526,3.75,3.82,3.7,3.8,0.5291,58343.01,3.77,4.14,3.75,3.36,10.38,42.05,13.53,0.77,0.48,other,https://gu.qq.com/sh600548/gp
46,000959.SZ,20220526,4.38,4.46,4.33,4.44,1.3699,272949.8,4.41,4.79,4.45,4.12,7.44,37.52,15.19,0.49,0.74,other,https://gu.qq.com/sh600548/gp
47,002641.SZ,20220526,4.55,4.58,4.49,4.57,0.883,78207.7,4.55,4.76,4.42,4.08,7.72,48.81,9.57,0.81,0.61,other,https://gu.qq.com/sh600548/gp
48,603993.SH,20220526,4.72,4.78,4.62,4.76,1.0616,1241379.16,4.72,4.74,4.54,4.35,4.19,48.97,7.58,0.55,0.71,other,https://gu.qq.com/sh600548/gp
49,002602.SZ,20220526,4.66,4.68,4.54,4.67,1.3015,456097.02,4.63,4.71,4.59,4.46,2.64,38.58,8.57,0.31,0.72,crossOverSMA,https://gu.qq.com/sh600548/gp
50,601600.SH,20220526,5.0,5.1,4.86,5.02,1.006,1727147.14,4.99,5.06,4.68,4.31,8.01,50.61,11.61,0.69,0.63,other,https://gu.qq.com/sh600548/gp
51,002272.SZ,20220526,4.78,4.85,4.7,4.81,0.8386,47409.01,4.79,4.82,4.49,4.15,7.54,54.49,9.28,0.81,0.77,other,https://gu.qq.com/sh600548/gp
52,600496.SH,20220526,4.36,4.52,4.36,4.44,2.5404,377305.02,4.44,4.68,4.35,4.03,7.43,50.09,10.17,0.73,1.31,crossOverSMA,https://gu.qq.com/sh600548/gp
53,002085.SZ,20220526,4.88,4.95,4.79,4.89,0.0,158606.15,4.88,5.35,4.44,3.54,20.3,68.44,25.2,0.81,0.73,other,https://gu.qq.com/sh600548/gp
54,600577.SH,20220526,4.7,4.74,4.57,4.67,-0.4264,325728.24,4.66,5.13,4.56,4.0,12.38,46.06,14.82,0.84,0.47,other,https://gu.qq.com/sh600548/gp
55,002390.SZ,20220526,4.8,4.82,4.69,4.79,0.2092,143395.28,4.77,4.96,4.69,4.42,5.79,45.12,7.58,0.76,0.56,other,https://gu.qq.com/sh600548/gp
56,600210.SH,20220526,5.53,5.88,5.34,5.86,5.5856,1556703.52,5.69,5.71,4.96,4.21,15.11,60.22,14.26,1.06,1.4,other,https://gu.qq.com/sh600548/gp
57,600986.SH,20220526,5.07,5.2,4.99,5.2,2.9703,593253.26,5.13,5.16,4.89,4.61,5.65,49.6,8.54,0.66,1.04,other,https://gu.qq.com/sh600548/gp
58,002314.SZ,20220526,4.58,4.81,4.55,4.66,0.6479,998542.02,4.67,5.07,4.57,4.07,10.92,51.67,14.96,0.73,0.87,other,https://gu.qq.com/sh600548/gp
59,002839.SZ,20220526,4.86,4.9,4.84,4.9,0.616,245764.57,4.88,5.12,4.96,4.79,3.33,41.82,5.97,0.56,0.67,other,https://gu.qq.com/sh600548/gp
60,002627.SZ,20220526,5.49,5.85,5.44,5.7,4.0146,356304.93,5.66,5.48,4.98,4.47,10.12,59.93,11.31,0.9,1.1,other,https://gu.qq.com/sh600548/gp
61,000425.SZ,20220526,5.3,5.59,5.27,5.58,5.8824,1467203.24,5.48,5.32,5.04,4.75,5.71,69.2,5.58,1.02,2.75,other,https://gu.qq.com/sh600548/gp
62,600901.SH,20220526,5.21,5.26,5.19,5.23,0.7707,179375.0,5.23,5.33,5.1,4.87,4.47,60.29,5.15,0.87,0.81,other,https://gu.qq.com/sh600548/gp
63,002697.SZ,20220526,4.73,4.81,4.69,4.75,1.0638,163542.14,4.75,5.12,4.9,4.68,4.55,40.49,5.77,0.79,0.54,other,https://gu.qq.com/sh600548/gp
64,000598.SZ,20220526,5.1,5.16,5.07,5.15,0.7828,197246.27,5.13,5.28,5.04,4.8,4.72,54.01,6.7,0.7,1.0,other,https://gu.qq.com/sh600548/gp
65,002517.SZ,20220526,5.36,5.4,5.28,5.39,0.5597,248852.98,5.36,5.74,4.97,4.2,15.54,64.6,19.63,0.79,0.54,other,https://gu.qq.com/sh600548/gp
66,600398.SH,20220526,5.02,5.08,4.99,5.08,1.6,106645.29,5.05,5.23,5.08,4.92,3.0,42.95,3.82,0.79,0.64,other,https://gu.qq.com/sh600548/gp
67,603323.SH,20220526,4.95,5.04,4.95,5.01,0.8048,201845.32,5.0,5.42,5.17,4.92,4.8,38.49,6.39,0.75,0.73,other,https://gu.qq.com/sh600548/gp
68,601658.SH,20220526,5.29,5.38,5.26,5.36,1.3233,976849.04,5.33,5.51,5.32,5.14,3.45,48.65,4.71,0.73,0.61,crossOverSMA,https://gu.qq.com/sh600548/gp
69,002822.SZ,20220526,5.91,5.98,5.58,5.59,-1.5845,812233.39,5.72,5.66,5.2,4.73,8.93,55.54,10.37,0.86,1.94,other,https://gu.qq.com/sh600548/gp
70,600642.SH,20220526,5.56,5.61,5.51,5.57,0.7233,118684.44,5.56,5.63,5.45,5.26,3.35,49.36,4.2,0.8,0.84,other,https://gu.qq.com/sh600548/gp
71,000825.SZ,20220526,5.57,5.77,5.51,5.74,3.4234,628777.03,5.67,5.88,5.62,5.37,4.61,42.51,11.94,0.39,1.02,crossOverSMA,https://gu.qq.com/sh600548/gp
72,002563.SZ,20220526,5.55,5.65,5.49,5.65,1.9856,95862.22,5.6,5.84,5.66,5.48,3.14,41.89,6.34,0.5,0.84,other,https://gu.qq.com/sh600548/gp
73,600908.SH,20220526,5.49,5.55,5.47,5.55,1.0929,102178.35,5.52,5.79,5.62,5.46,2.93,41.4,3.61,0.81,0.6,other,https://gu.qq.com/sh600548/gp
74,600248.SH,20220526,5.19,5.71,5.17,5.71,10.0193,1539247.93,5.53,5.79,5.42,5.04,6.91,52.38,9.89,0.7,2.87,crossOverSMA,https://gu.qq.com/sh600548/gp
75,600581.SH,20220526,5.79,5.92,5.69,5.83,1.9231,541468.78,5.81,5.99,5.71,5.42,5.02,46.7,13.52,0.37,0.66,crossOverSMA,https://gu.qq.com/sh600548/gp
76,600662.SH,20220526,5.81,6.27,5.66,6.02,5.614,277434.81,5.98,6.01,5.57,5.13,7.97,56.05,12.58,0.63,3.13,other,https://gu.qq.com/sh600548/gp
77,002283.SZ,20220526,6.1,6.14,5.94,6.05,-1.1438,85070.0,6.04,6.33,5.67,5.02,11.53,47.36,14.02,0.82,0.53,other,https://gu.qq.com/sh600548/gp
78,000012.SZ,20220526,6.04,6.11,5.91,6.06,0.6645,319518.23,6.03,6.17,5.83,5.49,5.81,43.87,8.56,0.68,0.49,other,https://gu.qq.com/sh600548/gp
79,000728.SZ,20220526,5.62,5.79,5.59,5.72,1.9608,271451.38,5.7,5.9,5.68,5.46,3.85,37.6,14.34,0.27,0.96,crossOverSMA,https://gu.qq.com/sh600548/gp
80,601515.SH,20220526,4.41,4.42,4.31,4.39,-0.2273,120565.52,4.37,5.03,4.57,4.12,9.91,34.72,13.79,0.72,0.52,other,https://gu.qq.com/sh600548/gp
81,603601.SH,20220526,5.71,5.8,5.62,5.75,0.1742,19347.8,5.72,6.11,5.69,5.27,7.38,43.79,9.16,0.81,0.49,other,https://gu.qq.com/sh600548/gp
82,000069.SZ,20220526,5.63,5.82,5.62,5.75,2.1314,702816.62,5.73,6.13,5.81,5.48,5.6,39.09,12.58,0.45,0.91,other,https://gu.qq.com/sh600548/gp
83,600586.SH,20220526,6.39,6.42,6.25,6.37,-0.313,148921.03,6.35,6.51,5.95,5.39,9.38,48.88,11.18,0.84,0.5,other,https://gu.qq.com/sh600548/gp
84,601668.SH,20220526,5.67,5.76,5.66,5.69,0.708,2167719.58,5.7,6.16,5.89,5.62,4.6,45.06,4.88,0.94,0.79,other,https://gu.qq.com/sh600548/gp
85,600643.SH,20220526,5.97,6.09,5.94,6.08,1.8425,83500.35,6.04,6.14,5.95,5.76,3.19,47.34,4.57,0.7,1.0,other,https://gu.qq.com/sh600548/gp
86,600820.SH,20220526,5.78,6.03,5.73,5.97,3.4662,708087.92,5.91,6.08,5.78,5.48,5.14,59.6,8.79,0.58,1.37,crossOverSMA,https://gu.qq.com/sh600548/gp
87,002097.SZ,20220526,6.12,6.28,6.06,6.27,2.451,111912.02,6.2,6.42,6.12,5.82,4.92,41.03,10.09,0.49,1.24,crossOverSMA,https://gu.qq.com/sh600548/gp
88,000059.SZ,20220526,6.19,6.34,6.1,6.33,2.9268,156331.72,6.26,6.24,6.01,5.78,3.87,53.37,6.34,0.61,1.33,other,https://gu.qq.com/sh600548/gp
89,002010.SZ,20220526,6.21,6.32,6.08,6.29,1.1254,184239.22,6.23,6.31,6.1,5.88,3.57,50.19,5.64,0.63,0.79,other,https://gu.qq.com/sh600548/gp
90,002966.SZ,20220526,5.92,5.96,5.88,5.95,0.5068,143230.19,5.93,6.42,6.15,5.88,4.4,34.46,5.34,0.82,0.65,other,https://gu.qq.com/sh600548/gp
91,002533.SZ,20220526,6.46,6.62,6.31,6.55,1.7081,116273.2,6.49,6.64,6.12,5.6,8.47,58.77,9.98,0.85,1.12,other,https://gu.qq.com/sh600548/gp
92,002765.SZ,20220526,7.19,7.2,6.93,7.0,-2.6426,111463.62,7.04,7.37,6.3,5.23,17.03,61.76,18.44,0.92,0.53,other,https://gu.qq.com/sh600548/gp
93,600019.SH,20220526,6.34,6.41,6.25,6.39,0.9479,630822.8,6.35,6.51,6.25,5.98,4.3,45.77,7.46,0.58,0.74,other,https://gu.qq.com/sh600548/gp
94,600018.SH,20220526,6.23,6.33,6.19,6.3,1.1236,500296.33,6.27,6.35,6.08,5.8,4.56,58.4,5.53,0.82,1.02,other,https://gu.qq.com/sh600548/gp
95,600728.SH,20220526,6.17,6.29,6.04,6.28,2.6144,172469.17,6.2,6.44,6.06,5.67,6.35,44.25,8.81,0.72,0.85,other,https://gu.qq.com/sh600548/gp
96,600409.SH,20220526,6.79,7.08,6.67,7.0,3.0928,408631.76,6.92,6.91,6.42,5.94,7.58,52.17,12.5,0.61,1.01,other,https://gu.qq.com/sh600548/gp
97,600516.SH,20220526,6.96,7.06,6.78,7.03,1.2968,664818.36,6.96,7.21,6.89,6.57,4.7,40.28,7.89,0.6,0.88,other,https://gu.qq.com/sh600548/gp
98,002117.SZ,20220526,6.8521,6.9479,6.785,6.9,0.8403,58900.58,6.88,6.94,6.66,6.39,4.16,48.13,5.19,0.8,0.83,other,https://gu.qq.com/sh600548/gp
99,601985.SH,20220526,7.16,7.44,7.13,7.36,2.9371,1627702.08,7.31,7.23,7.07,6.91,2.25,53.09,4.99,0.45,1.12,other,https://gu.qq.com/sh600548/gp
100,601827.SH,20220526,6.87,6.91,6.8,6.9,0.5831,40888.18,6.87,6.95,6.71,6.46,3.7,46.22,4.97,0.74,0.82,other,https://gu.qq.com/sh600548/gp
101,600489.SH,20220526,7.1,7.16,7.06,7.14,0.1403,204696.13,7.12,7.21,7.06,6.91,2.12,40.72,5.68,0.37,0.64,other,https://gu.qq.com/sh600548/gp
102,000925.SZ,20220526,7.08,7.16,6.9,7.11,0.5658,75766.65,7.06,7.29,6.99,6.68,4.36,38.1,8.73,0.5,0.78,other,https://gu.qq.com/sh600548/gp
103,600997.SH,20220526,7.45,7.9,7.42,7.81,4.6917,428727.2,7.71,7.55,7.12,6.69,6.04,57.11,10.09,0.6,1.22,other,https://gu.qq.com/sh600548/gp
104,601669.SH,20220526,7.9,7.98,7.72,7.74,-0.129,2660737.47,7.81,7.8,7.38,6.96,5.73,59.24,7.15,0.8,1.01,other,https://gu.qq.com/sh600548/gp
105,600012.SH,20220526,7.35,7.51,7.34,7.5,2.459,72799.59,7.45,7.37,7.21,7.04,2.33,55.89,3.25,0.72,1.23,other,https://gu.qq.com/sh600548/gp
106,002054.SZ,20220526,7.64,7.64,7.34,7.58,0.2646,27731.77,7.52,7.69,7.26,6.84,5.87,48.33,7.21,0.81,0.79,other,https://gu.qq.com/sh600548/gp
107,600984.SH,20220526,7.39,8.03,7.32,7.74,5.8824,247983.45,7.7,7.72,7.24,6.76,6.57,52.17,8.55,0.77,1.8,other,https://gu.qq.com/sh600548/gp
108,600971.SH,20220526,7.44,7.72,7.41,7.62,2.973,384572.39,7.58,7.49,6.95,6.41,7.76,62.31,9.43,0.82,1.17,other,https://gu.qq.com/sh600548/gp
109,600556.SH,20220526,7.58,7.9,7.43,7.82,3.8513,401922.52,7.72,7.77,7.3,6.82,6.53,51.57,10.12,0.64,1.68,other,https://gu.qq.com/sh600548/gp
110,002092.SZ,20220526,7.42,7.64,7.26,7.56,2.1622,476822.22,7.49,7.61,7.37,7.13,3.28,41.09,8.49,0.39,0.92,other,https://gu.qq.com/sh600548/gp
111,600966.SH,20220526,7.28,7.33,7.01,7.29,0.9695,85830.93,7.21,7.83,7.28,6.74,7.49,37.65,10.86,0.69,1.24,other,https://gu.qq.com/sh600548/gp
112,601686.SH,20220526,7.5,7.64,7.44,7.61,1.1968,27442.57,7.56,7.97,7.43,6.88,7.37,44.41,9.64,0.76,0.66,other,https://gu.qq.com/sh600548/gp
113,601963.SH,20220526,7.65,7.73,7.61,7.73,1.178,52107.11,7.69,7.73,7.63,7.54,1.28,40.94,5.61,0.23,0.92,crossOverSMA,https://gu.qq.com/sh600548/gp
114,600737.SH,20220526,8.08,8.11,7.96,8.02,-1.353,391778.62,8.03,8.12,7.51,6.9,8.11,55.37,10.63,0.76,0.97,other,https://gu.qq.com/sh600548/gp
115,002064.SZ,20220526,7.77,7.93,7.66,7.89,1.2837,155491.89,7.83,7.99,7.72,7.46,3.38,44.08,4.66,0.73,0.88,other,https://gu.qq.com/sh600548/gp
116,002171.SZ,20220526,8.07,8.27,7.94,8.18,1.7413,161032.13,8.13,8.38,7.63,6.88,9.85,52.2,11.77,0.84,0.9,other,https://gu.qq.com/sh600548/gp
117,600817.SH,20220526,11.3862,11.94,11.3668,11.94,10.0268,372414.56,11.75,10.09,8.16,6.23,23.65,83.63,15.11,1.57,3.32,other,https://gu.qq.com/sh600548/gp
118,600552.SH,20220526,9.81,10.15,9.68,9.9,7.2589,732822.6,9.91,9.16,8.06,6.96,13.64,71.39,12.32,1.11,2.8,other,https://gu.qq.com/sh600548/gp
119,601369.SH,20220526,8.3,8.66,8.26,8.63,3.9759,112074.67,8.52,8.75,7.9,7.04,10.83,59.77,13.25,0.82,1.38,other,https://gu.qq.com/sh600548/gp
120,600507.SH,20220526,8.18,8.28,8.13,8.25,0.9792,225065.06,8.22,8.35,8.16,7.97,2.33,49.16,3.3,0.71,0.96,crossOverSMA,https://gu.qq.com/sh600548/gp
121,600970.SH,20220526,8.39,8.5,8.28,8.38,0.4796,135970.9,8.39,8.5,8.08,7.65,5.23,50.95,6.78,0.77,0.9,other,https://gu.qq.com/sh600548/gp
122,000910.SZ,20220526,8.29,8.36,8.17,8.36,0.9662,28563.0,8.3,8.64,8.34,8.03,3.68,35.4,10.04,0.37,0.62,other,https://gu.qq.com/sh600548/gp
123,600325.SH,20220526,6.92,7.07,6.83,6.96,0.1439,475690.5,6.95,7.65,7.04,6.42,8.75,48.7,11.22,0.78,0.74,other,https://gu.qq.com/sh600548/gp
124,601186.SH,20220526,8.09,8.2,8.08,8.11,0.8706,619887.12,8.13,8.56,8.24,7.91,3.91,48.75,6.12,0.64,0.84,other,https://gu.qq.com/sh600548/gp
125,002126.SZ,20220526,8.62,8.72,8.44,8.57,-0.8102,93218.63,8.58,8.96,8.22,7.49,8.88,52.1,10.23,0.87,0.64,other,https://gu.qq.com/sh600548/gp
126,000703.SZ,20220526,9.01,9.59,9.01,9.46,4.9945,350148.96,9.35,9.25,8.22,7.2,12.48,72.05,12.9,0.97,1.94,other,https://gu.qq.com/sh600548/gp
127,002244.SZ,20220526,7.81,8.05,7.71,7.94,1.6645,281365.57,7.9,8.63,7.98,7.32,8.27,52.65,14.92,0.55,0.61,other,https://gu.qq.com/sh600548/gp
128,000683.SZ,20220526,9.55,10.04,9.54,9.95,3.538,834784.96,9.84,9.68,8.69,7.71,11.35,64.86,11.8,0.96,0.86,other,https://gu.qq.com/sh600548/gp
129,002135.SZ,20220526,8.36,8.63,8.31,8.39,0.5995,175762.51,8.44,9.0,8.52,8.05,5.57,41.32,7.44,0.75,0.69,other,https://gu.qq.com/sh600548/gp
130,600395.SH,20220526,8.8,9.35,8.75,9.26,3.8117,561662.24,9.12,9.51,8.31,7.11,14.42,57.18,16.68,0.86,0.77,other,https://gu.qq.com/sh600548/gp
131,002745.SZ,20220526,8.7999,8.8393,8.5834,8.7999,0.0,150502.26,8.74,9.05,8.69,8.32,4.2,36.08,9.69,0.43,0.73,other,https://gu.qq.com/sh600548/gp
132,002233.SZ,20220526,8.73,8.85,8.68,8.81,1.3809,86516.15,8.78,8.94,8.76,8.57,2.11,42.69,2.93,0.72,0.85,crossOverSMA,https://gu.qq.com/sh600548/gp
133,000975.SZ,20220526,9.54,9.73,9.21,9.5,-2.6639,438312.7,9.48,9.57,8.91,8.24,7.45,56.28,8.52,0.88,0.87,other,https://gu.qq.com/sh600548/gp
134,600330.SH,20220526,9.8,9.83,9.34,9.6,-1.0309,183402.37,9.59,10.03,8.84,7.64,13.52,52.82,15.09,0.9,0.63,other,https://gu.qq.com/sh600548/gp
135,600223.SH,20220526,8.58,8.64,8.43,8.61,1.1751,59019.59,8.56,8.99,8.51,8.04,5.54,41.21,8.64,0.64,0.5,crossOverSMA,https://gu.qq.com/sh600548/gp
136,000906.SZ,20220526,8.55,8.77,8.35,8.74,2.3419,78483.27,8.62,8.72,8.39,8.06,3.91,42.84,9.35,0.42,0.83,other,https://gu.qq.com/sh600548/gp
137,600366.SH,20220526,9.29,9.55,9.09,9.35,0.4296,206793.48,9.33,9.66,8.86,8.06,8.99,49.88,10.63,0.85,0.61,other,https://gu.qq.com/sh600548/gp
138,002152.SZ,20220526,8.63,8.8,8.51,8.77,1.5046,151425.68,8.69,9.13,8.7,8.27,4.92,39.82,6.91,0.71,0.67,other,https://gu.qq.com/sh600548/gp
139,002798.SZ,20220526,9.19,9.37,9.07,9.3,1.197,18768.0,9.25,9.31,8.81,8.3,5.74,46.46,10.75,0.53,0.63,other,https://gu.qq.com/sh600548/gp
140,002436.SZ,20220526,9.0,9.58,8.7,9.06,0.6667,349067.82,9.11,9.75,8.82,7.89,10.58,48.05,12.7,0.83,1.2,other,https://gu.qq.com/sh600548/gp
141,002139.SZ,20220526,10.16,10.17,9.82,10.02,-1.378,190654.95,10.0,10.57,8.87,7.17,19.17,59.07,20.34,0.94,0.36,other,https://gu.qq.com/sh600548/gp
142,002191.SZ,20220526,9.1,9.12,8.68,8.94,0.3367,300653.27,8.91,9.31,8.9,8.5,4.54,34.03,6.18,0.73,0.49,crossOverSMA,https://gu.qq.com/sh600548/gp
143,000811.SZ,20220526,9.29,9.45,9.17,9.39,0.9677,64828.96,9.34,9.74,9.0,8.27,8.15,45.62,10.75,0.76,0.62,other,https://gu.qq.com/sh600548/gp
144,002465.SZ,20220526,8.94,9.3,8.86,9.24,3.4714,224734.63,9.13,9.32,8.95,8.58,4.14,49.31,6.62,0.62,1.37,crossOverSMA,https://gu.qq.com/sh600548/gp
145,600873.SH,20220526,9.55,9.65,9.47,9.56,0.2096,246635.1,9.56,9.91,8.86,7.81,11.83,65.19,14.71,0.8,0.52,other,https://gu.qq.com/sh600548/gp
146,600548.SH,20220526,9.22,9.39,9.16,9.38,2.2901,67379.15,9.31,9.36,9.16,8.96,2.17,51.62,3.68,0.59,1.72,crossOverSMA,https://gu.qq.com/sh600548/gp
147,603018.SH,20220526,8.49,9.35,8.48,9.35,10.0,353758.61,9.06,9.57,8.76,7.95,9.25,56.51,13.8,0.67,1.33,crossOverSMA,https://gu.qq.com/sh600548/gp
148,002243.SZ,20220526,8.1902,8.309,8.0317,8.1902,0.121,78346.66,8.18,8.98,7.95,6.92,13.0,44.25,16.34,0.8,0.44,other,https://gu.qq.com/sh600548/gp
149,603128.SH,20220526,9.64,9.72,9.45,9.67,0.4154,95370.41,9.61,9.74,9.25,8.76,5.31,46.16,7.2,0.74,0.49,other,https://gu.qq.com/sh600548/gp
150,601138.SH,20220526,9.13,9.25,8.99,9.22,0.8753,376145.36,9.15,9.55,9.34,9.13,2.27,35.4,3.53,0.64,1.16,other,https://gu.qq.com/sh600548/gp
151,000885.SZ,20220526,9.19,9.44,9.15,9.36,2.2951,63416.18,9.32,9.5,9.07,8.64,4.79,50.34,6.29,0.76,1.38,other,https://gu.qq.com/sh600548/gp
152,605268.SH,20220526,9.48,9.68,9.21,9.62,1.7989,16540.0,9.5,9.59,9.16,8.72,4.76,43.73,11.56,0.41,1.06,other,https://gu.qq.com/sh600548/gp
153,600446.SH,20220526,9.35,9.52,9.16,9.42,1.073,133123.86,9.37,9.59,9.33,9.06,2.85,34.18,8.7,0.33,0.69,crossOverSMA,https://gu.qq.com/sh600548/gp
154,000547.SZ,20220526,9.44,10.25,9.35,10.25,9.9785,705492.22,9.95,9.94,9.25,8.56,7.42,52.87,10.07,0.74,2.09,other,https://gu.qq.com/sh600548/gp
155,600299.SH,20220526,9.56,9.6,9.34,9.5,-0.6276,36131.25,9.48,9.87,9.16,8.46,7.66,52.02,9.35,0.82,0.66,other,https://gu.qq.com/sh600548/gp
156,601117.SH,20220526,8.97,9.44,8.96,9.4,5.0279,635107.24,9.27,9.61,9.03,8.44,6.53,50.45,7.83,0.83,1.2,crossOverSMA,https://gu.qq.com/sh600548/gp
157,600110.SH,20220526,9.69,9.87,9.47,9.63,-0.4137,383683.1,9.66,10.25,9.25,8.24,10.89,46.2,13.18,0.83,0.65,other,https://gu.qq.com/sh600548/gp
158,002649.SZ,20220526,9.8,9.94,9.6,9.89,0.9184,68220.0,9.81,10.11,9.44,8.76,7.11,46.64,8.7,0.82,0.68,other,https://gu.qq.com/sh600548/gp
159,002119.SZ,20220526,10.21,10.23,9.95,10.1,-0.9804,90727.11,10.09,10.35,9.78,9.2,5.87,44.07,9.53,0.62,0.48,other,https://gu.qq.com/sh600548/gp
160,603055.SH,20220526,10.85,10.88,10.42,10.71,-1.5625,43906.11,10.67,10.95,9.89,8.83,10.74,54.54,10.33,1.04,0.54,other,https://gu.qq.com/sh600548/gp
161,603686.SH,20220526,10.1,10.32,10.03,10.09,-1.272,77132.74,10.15,10.23,9.5,8.78,7.64,56.13,8.73,0.88,0.76,other,https://gu.qq.com/sh600548/gp
162,603818.SH,20220526,9.18,9.18,8.68,9.12,-0.4367,33748.21,8.99,10.04,9.52,9.0,5.44,29.94,10.8,0.5,0.7,other,https://gu.qq.com/sh600548/gp
163,601200.SH,20220526,9.74,9.93,9.71,9.88,1.7508,47247.53,9.84,9.91,9.63,9.34,2.99,47.68,4.94,0.61,0.78,other,https://gu.qq.com/sh600548/gp
164,601899.SH,20220526,9.95,9.95,9.67,9.86,-0.404,1916656.41,9.83,10.78,10.01,9.24,7.71,40.68,11.6,0.66,0.71,other,https://gu.qq.com/sh600548/gp
165,600761.SH,20220526,9.88,10.28,9.86,10.23,3.9634,78525.39,10.12,10.15,9.67,9.19,4.95,58.83,6.71,0.74,2.1,other,https://gu.qq.com/sh600548/gp
166,605299.SH,20220526,9.86,9.97,9.6,9.91,1.0194,21575.46,9.83,10.16,9.62,9.09,5.58,42.38,8.33,0.67,0.69,other,https://gu.qq.com/sh600548/gp
167,603818.SH,20220526,9.18,9.18,8.68,9.12,-0.4367,33748.21,8.99,10.04,9.52,9.0,5.44,29.94,10.8,0.5,0.7,other,https://gu.qq.com/sh600548/gp
168,601200.SH,20220526,9.74,9.93,9.71,9.88,1.7508,47247.53,9.84,9.91,9.63,9.34,2.99,47.68,4.94,0.61,0.78,other,https://gu.qq.com/sh600548/gp
169,601899.SH,20220526,9.95,9.95,9.67,9.86,-0.404,1916656.41,9.83,10.78,10.01,9.24,7.71,40.68,11.6,0.66,0.71,other,https://gu.qq.com/sh600548/gp
170,002273.SZ,20220526,9.91,10.15,9.67,10.07,1.3078,220573.94,9.96,10.46,9.7,8.93,7.9,47.87,9.69,0.81,0.78,other,https://gu.qq.com/sh600548/gp
171,600761.SH,20220526,9.88,10.28,9.86,10.23,3.9634,78525.39,10.12,10.15,9.67,9.19,4.95,58.83,6.71,0.74,2.1,other,https://gu.qq.com/sh600548/gp
172,600655.SH,20220526,9.64,9.9,9.63,9.75,1.3514,79476.77,9.76,10.16,9.34,8.53,8.71,53.38,10.41,0.84,0.68,other,https://gu.qq.com/sh600548/gp
173,603808.SH,20220526,9.68,9.82,9.49,9.82,1.973,43471.2,9.71,10.64,9.99,9.33,6.56,33.28,21.78,0.3,0.69,other,https://gu.qq.com/sh600548/gp
174,601098.SH,20220526,9.92,10.11,9.86,10.09,1.9192,80943.46,10.02,10.19,9.73,9.26,4.79,58.44,6.13,0.78,0.73,other,https://gu.qq.com/sh600548/gp
175,000498.SZ,20220526,10.03,10.2,9.74,9.87,0.4069,477309.78,9.94,10.81,10.02,9.24,7.84,54.5,13.74,0.57,1.0,other,https://gu.qq.com/sh600548/gp
176,603113.SH,20220526,10.48,10.72,10.28,10.68,2.0057,72803.05,10.56,10.63,9.92,9.22,7.13,48.43,13.04,0.55,0.69,other,https://gu.qq.com/sh600548/gp
177,605006.SH,20220526,10.16,10.17,9.89,10.08,0.1988,22541.98,10.05,10.38,9.89,9.4,4.96,51.68,6.82,0.73,0.62,other,https://gu.qq.com/sh600548/gp
178,603232.SH,20220526,9.91,10.13,9.67,10.12,2.6369,27027.76,9.97,10.29,9.97,9.64,3.29,35.41,8.46,0.39,0.83,other,https://gu.qq.com/sh600548/gp
179,600271.SH,20220526,10.12,10.31,10.0,10.25,1.7875,101709.73,10.19,10.27,10.08,9.88,1.91,40.22,5.22,0.36,0.95,crossOverSMA,https://gu.qq.com/sh600548/gp
180,600039.SH,20220526,10.33,10.8,10.3,10.61,2.6112,336931.36,10.57,10.6,10.23,9.86,3.63,56.62,7.17,0.51,1.24,crossOverSMA,https://gu.qq.com/sh600548/gp
181,600487.SH,20220526,11.45,12.41,11.27,12.15,6.0209,823032.31,11.94,11.57,10.45,9.34,10.66,64.19,10.44,1.02,1.28,other,https://gu.qq.com/sh600548/gp
182,000021.SZ,20220526,10.49,10.79,10.35,10.64,1.4299,116395.75,10.59,11.13,10.19,9.24,9.27,51.2,11.39,0.81,0.91,other,https://gu.qq.com/sh600548/gp
183,002091.SZ,20220526,10.35,10.48,10.1,10.36,1.1719,105247.68,10.31,11.16,9.76,8.35,14.44,57.57,17.65,0.82,0.56,other,https://gu.qq.com/sh600548/gp
184,003006.SZ,20220526,10.17,10.64,9.92,10.23,0.9872,39828.5,10.26,10.81,10.19,9.57,6.06,40.31,9.39,0.65,1.94,crossOverSMA,https://gu.qq.com/sh600548/gp
185,002698.SZ,20220526,11.02,11.02,10.7,10.76,-1.1029,18697.32,10.83,10.87,10.4,9.92,4.56,62.71,5.1,0.89,0.84,other,https://gu.qq.com/sh600548/gp
186,600348.SH,20220526,11.98,12.65,11.86,12.51,5.2145,746542.69,12.34,11.82,10.65,9.49,10.96,65.99,11.79,0.93,1.05,other,https://gu.qq.com/sh600548/gp
187,601058.SH,20220526,10.21,10.23,9.94,10.17,0.4941,90720.28,10.11,11.02,9.91,8.8,11.24,52.49,14.52,0.77,0.45,other,https://gu.qq.com/sh600548/gp
188,000807.SZ,20220526,11.02,11.44,10.74,11.19,1.7273,813201.02,11.12,11.3,10.44,9.59,8.21,50.04,11.56,0.71,0.68,other,https://gu.qq.com/sh600548/gp
189,000951.SZ,20220526,12.28,12.74,12.02,12.53,2.2023,330705.09,12.43,12.68,10.75,8.82,17.96,66.37,19.32,0.93,0.77,other,https://gu.qq.com/sh600548/gp
190,600475.SH,20220526,10.98,10.98,10.73,10.91,-0.2742,26038.1,10.87,11.16,10.51,9.87,6.12,63.14,7.31,0.84,0.93,other,https://gu.qq.com/sh600548/gp
191,600273.SH,20220526,10.65,10.75,10.36,10.69,-0.0935,218857.17,10.6,10.96,10.31,9.66,6.31,56.92,7.28,0.87,0.9,other,https://gu.qq.com/sh600548/gp
192,000401.SZ,20220526,10.2607,10.4286,10.1208,10.4099,1.917,213469.75,10.32,10.19,9.9,9.61,2.95,53.77,4.08,0.72,1.6,other,https://gu.qq.com/sh600548/gp
193,603496.SH,20220526,10.59,10.79,10.38,10.73,1.322,21869.09,10.63,11.07,10.45,9.83,5.94,46.07,7.38,0.8,0.81,other,https://gu.qq.com/sh600548/gp
194,600535.SH,20220526,10.38,10.43,10.17,10.4,0.4831,71626.39,10.33,10.99,10.54,10.08,4.33,31.24,14.39,0.3,0.64,other,https://gu.qq.com/sh600548/gp
195,000338.SZ,20220526,11.68,11.96,11.51,11.8,1.0274,596507.82,11.76,11.83,11.11,10.39,6.44,51.9,8.22,0.78,0.65,other,https://gu.qq.com/sh600548/gp
196,000555.SZ,20220526,10.87,10.93,10.6,10.82,-0.46,76732.79,10.78,11.2,10.77,10.34,3.96,43.41,6.4,0.62,0.72,other,https://gu.qq.com/sh600548/gp
197,601009.SH,20220526,11.0,11.26,10.98,11.17,1.086,399676.52,11.14,11.79,11.31,10.83,4.21,47.8,5.82,0.72,0.64,other,https://gu.qq.com/sh600548/gp
198,600160.SH,20220526,11.48,11.66,11.26,11.6,0.8696,182538.79,11.51,11.92,11.11,10.3,7.29,47.67,9.42,0.77,0.71,other,https://gu.qq.com/sh600548/gp
199,000970.SZ,20220526,11.61,11.78,11.33,11.71,0.2568,190370.43,11.61,12.06,11.06,10.06,9.03,54.11,10.84,0.83,0.57,other,https://gu.qq.com/sh600548/gp
200,002053.SZ,20220526,14.22,14.97,13.69,14.1,1.1478,759530.76,14.25,13.87,11.68,9.49,18.74,67.01,17.28,1.08,1.4,other,https://gu.qq.com/sh600548/gp
201,000789.SZ,20220526,11.38,11.69,11.35,11.59,3.9462,226449.55,11.54,11.46,11.19,10.92,2.43,50.23,4.56,0.53,2.26,crossOverSMA,https://gu.qq.com/sh600548/gp
202,600674.SH,20220526,11.75,11.98,11.71,11.94,1.617,115145.91,11.88,11.84,11.28,10.72,4.96,65.88,5.44,0.91,1.09,other,https://gu.qq.com/sh600548/gp
203,002706.SZ,20220526,11.23,11.5,10.9,11.32,0.8014,62326.05,11.24,12.14,10.99,9.83,10.54,49.98,14.18,0.74,0.67,other,https://gu.qq.com/sh600548/gp
204,600380.SH,20220526,11.17,11.73,10.98,11.68,4.2857,199796.64,11.46,11.78,11.23,10.67,4.96,52.48,6.06,0.82,1.68,crossOverSMA,https://gu.qq.com/sh600548/gp
205,002202.SZ,20220526,12.08,12.37,11.96,12.23,1.2417,518400.16,12.19,12.45,11.54,10.62,7.92,54.45,9.13,0.87,0.8,other,https://gu.qq.com/sh600548/gp
206,002815.SZ,20220526,11.02,11.11,10.67,10.97,-0.3633,53597.53,10.92,11.75,10.69,9.63,9.91,46.73,12.26,0.81,0.68,other,https://gu.qq.com/sh600548/gp
207,605166.SH,20220526,11.82,11.95,11.57,11.73,-0.7614,9480.92,11.75,12.13,11.22,10.31,8.08,52.79,9.62,0.84,0.54,other,https://gu.qq.com/sh600548/gp
208,603667.SH,20220526,12.71,13.21,12.71,13.03,0.5401,23994.99,12.98,13.96,11.52,9.08,21.16,62.8,23.36,0.91,0.36,other,https://gu.qq.com/sh600548/gp
209,600597.SH,20220526,11.78,11.85,11.55,11.84,0.8518,116351.12,11.75,12.12,11.44,10.76,5.96,54.27,7.42,0.8,0.79,other,https://gu.qq.com/sh600548/gp
210,002664.SZ,20220526,13.73,13.73,13.73,13.73,10.016,123825.36,13.73,13.1,11.68,10.27,12.12,68.86,11.74,1.03,1.91,other,https://gu.qq.com/sh600548/gp
211,600580.SH,20220526,12.45,12.53,12.15,12.3,-0.8864,99972.83,12.33,12.89,11.57,10.25,11.44,56.63,13.45,0.85,0.59,other,https://gu.qq.com/sh600548/gp
212,600483.SH,20220526,12.71,12.88,12.46,12.7,-0.0787,113624.53,12.68,12.87,12.35,11.84,4.17,57.77,6.6,0.63,0.58,other,https://gu.qq.com/sh600548/gp
213,000997.SZ,20220526,12.26,12.31,11.96,12.28,0.2449,89550.68,12.18,12.67,12.08,11.49,4.88,36.59,8.24,0.59,0.62,other,https://gu.qq.com/sh600548/gp
214,002262.SZ,20220526,12.8,13.01,12.69,12.92,0.9375,42948.49,12.87,13.24,12.35,11.46,7.21,60.1,9.27,0.78,0.38,other,https://gu.qq.com/sh600548/gp
215,002545.SZ,20220526,11.34,11.46,11.02,11.29,-0.5286,172625.46,11.26,12.41,11.53,10.65,7.65,43.57,10.4,0.74,0.49,other,https://gu.qq.com/sh600548/gp
216,600933.SH,20220526,13.32,13.75,13.02,13.3,-0.1502,58893.96,13.36,14.25,11.95,9.64,19.33,62.16,23.16,0.83,0.6,other,https://gu.qq.com/sh600548/gp
217,603901.SH,20220526,12.17,12.59,11.82,12.5,2.8807,37046.97,12.3,13.0,12.06,11.11,7.81,49.84,9.8,0.8,1.05,other,https://gu.qq.com/sh600548/gp
218,601231.SH,20220526,12.32,12.53,12.05,12.32,0.0812,62779.44,12.3,13.69,12.22,10.76,11.96,50.55,16.66,0.72,0.72,other,https://gu.qq.com/sh600548/gp
219,600452.SH,20220526,13.25,13.55,13.0,13.36,1.597,127349.26,13.3,13.54,12.5,11.46,8.32,54.61,9.91,0.84,0.66,other,https://gu.qq.com/sh600548/gp
220,600449.SH,20220526,12.85,13.13,12.77,13.05,2.0328,70715.02,12.98,13.83,12.93,12.03,6.99,49.51,10.99,0.64,0.7,crossOverSMA,https://gu.qq.com/sh600548/gp
221,002438.SZ,20220526,12.88,13.12,12.55,12.87,0.5469,40444.0,12.85,13.91,12.53,11.15,11.03,44.83,15.76,0.7,0.53,other,https://gu.qq.com/sh600548/gp
222,601137.SH,20220526,13.48,13.72,13.04,13.53,-0.8065,164384.43,13.43,14.73,12.34,9.96,19.32,52.52,23.56,0.82,0.42,other,https://gu.qq.com/sh600548/gp
223,000983.SZ,20220526,13.5,14.46,13.34,14.14,4.0471,837939.58,13.98,14.18,12.96,11.74,9.43,59.63,11.38,0.83,0.86,other,https://gu.qq.com/sh600548/gp
224,600131.SH,20220526,13.4,13.75,13.06,13.41,0.1494,117833.02,13.41,13.95,12.76,11.57,9.32,50.68,11.16,0.84,0.97,other,https://gu.qq.com/sh600548/gp
225,603848.SH,20220526,13.05,13.17,12.9,13.01,-1.2898,12354.0,13.03,13.86,12.21,10.55,13.57,54.44,15.19,0.89,0.53,other,https://gu.qq.com/sh600548/gp
226,603060.SH,20220526,12.34,12.75,12.3,12.7,3.252,22384.75,12.58,13.21,12.64,12.07,4.53,42.03,5.83,0.78,0.99,other,https://gu.qq.com/sh600548/gp
227,603131.SH,20220526,12.95,14.01,12.7,14.01,9.9686,151737.98,13.57,13.75,12.44,11.13,10.49,56.36,12.09,0.87,2.08,other,https://gu.qq.com/sh600548/gp
228,000039.SZ,20220526,13.36,13.45,13.24,13.41,0.3743,109989.43,13.37,13.53,12.83,12.12,5.48,57.27,6.51,0.84,0.79,other,https://gu.qq.com/sh600548/gp
229,601688.SH,20220526,12.99,13.28,12.85,13.18,1.6975,501975.05,13.1,13.29,13.07,12.85,1.7,39.94,5.3,0.32,0.96,crossOverSMA,https://gu.qq.com/sh600548/gp
230,002879.SZ,20220526,13.82,14.05,13.55,13.85,0.874,29961.0,13.82,14.02,12.89,11.76,8.79,55.7,10.07,0.87,1.0,other,https://gu.qq.com/sh600548/gp
231,600216.SH,20220526,12.59,12.8,12.43,12.75,1.2708,74721.79,12.66,13.35,12.84,12.33,3.99,38.93,6.15,0.65,0.66,other,https://gu.qq.com/sh600548/gp
232,688590.SH,20220526,12.91,13.03,12.7,12.96,0.3096,10175.49,12.9,13.57,12.83,12.09,5.76,38.4,8.87,0.65,0.62,other,https://gu.qq.com/sh600548/gp
233,002997.SZ,20220526,13.6,13.77,13.03,13.55,-0.4409,37435.27,13.45,14.22,12.87,11.53,10.43,44.28,14.17,0.74,0.66,other,https://gu.qq.com/sh600548/gp
234,601208.SH,20220526,12.83,12.98,12.58,12.92,0.7015,32898.63,12.83,14.29,12.29,10.28,16.33,53.04,19.83,0.82,0.46,other,https://gu.qq.com/sh600548/gp
235,000301.SZ,20220526,15.1305,15.4573,14.7542,15.1899,1.4547,310430.64,15.13,15.79,13.29,10.8,18.76,63.82,19.38,0.97,0.59,other,https://gu.qq.com/sh600548/gp
236,600123.SH,20220526,14.68,15.62,14.68,15.47,5.2381,712885.85,15.26,14.94,13.39,11.84,11.59,66.34,11.33,1.02,1.11,other,https://gu.qq.com/sh600548/gp
237,000933.SZ,20220526,13.96,14.46,13.81,14.24,1.8598,1221463.14,14.17,14.7,13.27,11.84,10.8,58.35,12.65,0.85,0.81,other,https://gu.qq.com/sh600548/gp
238,000887.SZ,20220526,14.18,14.3,13.71,14.16,-1.4614,206651.16,14.06,15.15,13.07,10.99,15.92,53.18,18.5,0.86,0.56,other,https://gu.qq.com/sh600548/gp
239,002156.SZ,20220526,13.79,14.05,13.48,13.99,1.8195,151164.69,13.84,14.22,13.51,12.79,5.31,44.22,7.82,0.68,0.88,other,https://gu.qq.com/sh600548/gp
240,603866.SH,20220526,14.18,14.39,13.95,14.27,-0.2795,65459.65,14.2,14.46,13.93,13.4,3.82,50.31,5.63,0.68,0.88,other,https://gu.qq.com/sh600548/gp
241,001979.SZ,20220526,12.98,13.35,12.89,13.13,1.2336,496495.94,13.12,15.68,13.93,12.19,12.49,36.43,15.67,0.8,0.75,other,https://gu.qq.com/sh600548/gp
242,002918.SZ,20220526,13.04,13.31,12.72,13.24,1.5337,34282.6,13.09,13.96,13.33,12.71,4.67,36.03,10.9,0.43,0.72,other,https://gu.qq.com/sh600548/gp
243,002949.SZ,20220526,13.46,13.46,12.95,13.14,-0.6051,18470.0,13.18,14.33,13.06,11.8,9.68,43.85,12.39,0.78,0.57,other,https://gu.qq.com/sh600548/gp
244,000923.SZ,20220526,13.95,14.03,13.68,13.8,-1.0753,110620.61,13.84,14.44,13.82,13.19,4.5,45.73,8.21,0.55,0.75,other,https://gu.qq.com/sh600548/gp
245,601699.SH,20220526,15.06,15.89,14.94,15.85,5.3856,647663.56,15.56,15.76,14.39,13.01,9.56,55.91,16.28,0.59,0.94,other,https://gu.qq.com/sh600548/gp
246,002867.SZ,20220526,13.41,13.47,13.1,13.4,0.0,47880.99,13.32,14.42,13.21,12.0,9.14,45.57,11.28,0.81,0.7,other,https://gu.qq.com/sh600548/gp
247,002048.SZ,20220526,14.38,14.4,13.85,14.08,-1.2623,72622.46,14.11,14.57,13.65,12.73,6.72,47.41,9.77,0.69,0.51,other,https://gu.qq.com/sh600548/gp
248,600926.SH,20220526,13.4,13.55,13.15,13.51,0.8209,290549.73,13.4,15.49,14.32,13.15,8.19,30.66,8.62,0.95,0.91,other,https://gu.qq.com/sh600548/gp
249,601666.SH,20220526,15.8,16.68,15.68,16.26,2.7813,537082.39,16.21,15.83,14.29,12.75,10.78,62.83,10.72,1.01,0.81,other,https://gu.qq.com/sh600548/gp
250,601211.SH,20220526,14.23,14.5,14.11,14.34,1.1283,234135.55,14.32,14.44,14.24,14.03,1.45,42.03,4.38,0.33,0.93,crossOverSMA,https://gu.qq.com/sh600548/gp
251,002402.SZ,20220526,14.55,14.9,14.02,14.88,3.2616,166445.45,14.6,15.42,13.99,12.57,10.19,46.87,12.42,0.82,0.88,other,https://gu.qq.com/sh600548/gp
252,600985.SH,20220526,15.0,15.68,14.84,15.52,3.8127,385538.75,15.35,15.06,14.05,13.05,7.15,60.9,8.31,0.86,1.2,other,https://gu.qq.com/sh600548/gp
253,002493.SZ,20220526,14.28,15.42,14.2,15.29,7.0728,640644.69,14.97,15.11,14.07,13.03,7.38,57.63,8.31,0.89,1.73,other,https://gu.qq.com/sh600548/gp
254,603298.SH,20220526,13.408,13.6995,13.3012,13.6898,2.4724,18512.2,13.56,14.23,13.84,13.46,2.78,45.2,4.79,0.58,0.81,other,https://gu.qq.com/sh600548/gp
255,603035.SH,20220526,15.76,16.0,15.35,15.63,-2.2514,231254.06,15.66,15.87,14.16,12.44,12.14,62.33,12.7,0.96,0.58,other,https://gu.qq.com/sh600548/gp
256,000001.SZ,20220526,14.41,14.43,14.07,14.19,-1.3899,1011317.56,14.23,15.44,14.78,14.12,4.45,37.47,6.14,0.72,1.12,other,https://gu.qq.com/sh600548/gp
257,002128.SZ,20220526,14.9,15.54,14.61,15.29,3.1714,409777.83,15.15,15.12,14.3,13.49,5.71,53.56,7.05,0.81,1.02,other,https://gu.qq.com/sh600548/gp
258,002463.SZ,20220526,14.44,14.96,14.09,14.96,3.6729,255189.32,14.67,15.42,13.66,11.9,12.88,63.45,17.29,0.75,0.99,other,https://gu.qq.com/sh600548/gp
259,002585.SZ,20220526,14.58,14.73,14.1,14.63,0.3429,211830.4,14.49,15.37,13.71,12.05,12.12,47.91,14.08,0.86,0.75,other,https://gu.qq.com/sh600548/gp
260,603588.SH,20220526,14.64,14.76,14.42,14.65,0.3425,20782.47,14.61,15.26,14.43,13.6,5.76,47.54,7.61,0.76,0.5,other,https://gu.qq.com/sh600548/gp
261,600557.SH,20220526,13.58,13.73,13.18,13.51,-0.3687,61705.27,13.47,15.27,14.07,12.87,8.53,43.78,12.07,0.71,0.68,other,https://gu.qq.com/sh600548/gp
262,601965.SH,20220526,14.42,14.64,14.18,14.31,-1.4463,31350.8,14.38,15.5,13.38,11.25,15.86,57.53,18.34,0.86,0.5,other,https://gu.qq.com/sh600548/gp
263,000034.SZ,20220526,15.02,15.16,14.74,15.03,0.2,72708.64,14.98,15.63,14.38,13.13,8.71,56.29,10.77,0.81,0.8,other,https://gu.qq.com/sh600548/gp
264,002539.SZ,20220526,14.72,14.8,14.26,14.62,-0.6118,222393.37,14.56,15.25,14.28,13.32,6.74,52.41,8.67,0.78,0.71,other,https://gu.qq.com/sh600548/gp
265,600546.SH,20220526,16.11,17.72,15.95,17.4,8.0074,1107129.65,17.02,16.61,14.25,11.89,16.57,70.92,17.28,0.96,1.37,other,https://gu.qq.com/sh600548/gp
266,603587.SH,20220526,14.75,14.94,14.5,14.94,1.6327,18165.8,14.79,15.2,14.82,14.44,2.57,40.72,8.26,0.31,0.79,other,https://gu.qq.com/sh600548/gp
267,002624.SZ,20220526,13.58,13.58,13.08,13.32,-0.2994,586664.1,13.33,13.81,13.1,12.38,5.48,57.51,9.68,0.57,0.87,other,https://gu.qq.com/sh600548/gp
268,002242.SZ,20220526,15.0,15.9,14.77,15.77,4.7145,100181.03,15.48,16.1,14.74,13.39,9.17,54.73,10.82,0.85,1.2,other,https://gu.qq.com/sh600548/gp
269,002236.SZ,20220526,15.51,15.88,15.16,15.82,1.8674,269968.97,15.62,16.3,15.55,14.79,4.84,47.15,7.46,0.65,0.84,crossOverSMA,https://gu.qq.com/sh600548/gp
270,603040.SH,20220526,17.18,17.57,16.61,17.17,-1.8296,47202.67,17.12,17.51,15.19,12.87,15.28,64.13,15.0,1.02,1.07,other,https://gu.qq.com/sh600548/gp
271,600399.SH,20220526,15.39,16.06,15.1,15.82,2.9948,280544.93,15.66,17.4,14.38,11.37,20.95,62.47,27.77,0.75,0.93,other,https://gu.qq.com/sh600548/gp
272,688501.SH,20220526,14.86,15.28,14.73,14.95,0.6734,4463.82,14.99,16.3,15.01,13.71,8.63,44.1,10.54,0.82,0.59,other,https://gu.qq.com/sh600548/gp
273,601233.SH,20220526,15.6,16.7,15.6,16.52,5.8974,397700.21,16.27,16.37,15.3,14.23,7.01,54.45,7.71,0.91,1.16,other,https://gu.qq.com/sh600548/gp
274,603368.SH,20220526,15.25,15.5,15.03,15.45,1.4445,41073.65,15.33,15.95,15.14,14.33,5.33,47.18,6.96,0.77,0.78,other,https://gu.qq.com/sh600548/gp
275,002281.SZ,20220526,15.75,16.32,15.45,16.19,3.3184,64396.29,15.99,16.25,15.39,14.52,5.62,49.42,7.27,0.77,1.34,other,https://gu.qq.com/sh600548/gp
276,603693.SH,20220526,17.4,17.63,16.92,17.22,-1.3181,87294.26,17.26,17.52,15.77,14.02,11.12,56.73,11.58,0.96,0.64,other,https://gu.qq.com/sh600548/gp
277,605007.SH,20220526,15.29,15.78,14.9,15.48,1.3752,16720.0,15.39,16.75,15.21,13.68,10.1,44.27,12.68,0.8,0.81,other,https://gu.qq.com/sh600548/gp
278,605136.SH,20220526,14.94,15.09,14.65,14.95,0.538,39512.97,14.9,16.01,14.75,13.49,8.55,44.73,11.25,0.76,0.4,other,https://gu.qq.com/sh600548/gp
279,603611.SH,20220526,15.24,15.42,14.85,15.32,0.7232,22589.78,15.2,15.9,14.67,13.44,8.37,50.68,10.58,0.79,0.79,other,https://gu.qq.com/sh600548/gp
280,603992.SH,20220526,16.59,16.69,16.4,16.59,-0.5396,5276.0,16.56,16.79,15.36,13.92,9.34,66.85,9.94,0.94,0.48,other,https://gu.qq.com/sh600548/gp
281,603809.SH,20220526,12.72,13.47,12.2,13.11,2.9851,53490.7,12.93,13.0,11.99,10.99,8.38,65.33,9.22,0.91,1.53,other,https://gu.qq.com/sh600548/gp
282,002318.SZ,20220526,15.55,15.8,15.26,15.65,1.8217,46574.0,15.57,16.34,15.17,14.01,7.67,56.35,11.32,0.68,0.57,other,https://gu.qq.com/sh600548/gp
283,002120.SZ,20220526,17.63,18.26,17.27,18.0,2.0987,254025.45,17.84,17.41,15.83,14.25,9.96,64.69,10.1,0.99,0.89,other,https://gu.qq.com/sh600548/gp
284,002518.SZ,20220526,22.33,22.49,21.4,22.02,-2.1768,198965.4,21.97,21.98,16.73,11.49,31.35,78.34,30.03,1.04,0.59,other,https://gu.qq.com/sh600548/gp
285,002979.SZ,20220526,15.95,16.16,15.6,16.07,1.5161,13585.17,15.94,16.78,15.44,14.1,8.7,45.63,11.19,0.78,0.83,other,https://gu.qq.com/sh600548/gp
286,600803.SH,20220526,17.15,17.18,16.64,17.11,0.7656,55609.63,16.98,16.77,16.15,15.54,3.8,57.55,4.47,0.85,0.56,other,https://gu.qq.com/sh600548/gp
287,000960.SZ,20220526,16.05,16.31,15.61,16.15,-0.7985,487495.8,16.02,17.65,16.62,15.59,6.17,37.67,10.7,0.58,0.72,other,https://gu.qq.com/sh600548/gp
288,002158.SZ,20220526,16.28,16.59,15.95,16.5,2.2305,31836.4,16.35,17.2,15.76,14.33,9.12,48.65,11.23,0.81,0.7,other,https://gu.qq.com/sh600548/gp
289,601838.SH,20220526,15.5,15.55,15.18,15.49,1.2418,217537.1,15.41,17.17,16.03,14.9,7.08,44.0,7.46,0.95,0.69,other,https://gu.qq.com/sh600548/gp
290,002979.SZ,20220526,15.95,16.16,15.6,16.07,1.5161,13585.17,15.94,16.78,15.44,14.1,8.7,45.63,11.19,0.78,0.83,other,https://gu.qq.com/sh600548/gp
291,600803.SH,20220526,17.15,17.18,16.64,17.11,0.7656,55609.63,16.98,16.77,16.15,15.54,3.8,57.55,4.47,0.85,0.56,other,https://gu.qq.com/sh600548/gp
292,000960.SZ,20220526,16.05,16.31,15.61,16.15,-0.7985,487495.8,16.02,17.65,16.62,15.59,6.17,37.67,10.7,0.58,0.72,other,https://gu.qq.com/sh600548/gp
293,600104.SH,20220526,17.39,17.42,17.0,17.22,-0.692,303449.02,17.21,17.43,16.26,15.1,7.15,59.48,7.22,0.99,0.46,other,https://gu.qq.com/sh600548/gp
294,600031.SH,20220526,16.37,17.3,16.35,17.09,5.1046,2024952.75,16.91,16.87,16.11,15.35,4.72,53.63,6.41,0.74,1.78,other,https://gu.qq.com/sh600548/gp
295,002158.SZ,20220526,16.28,16.59,15.95,16.5,2.2305,31836.4,16.35,17.2,15.76,14.33,9.12,48.65,11.23,0.81,0.7,other,https://gu.qq.com/sh600548/gp
296,000636.SZ,20220526,16.35,16.73,15.82,16.43,0.4893,185976.93,16.33,17.18,16.44,15.7,4.51,36.87,9.56,0.47,1.09,other,https://gu.qq.com/sh600548/gp
297,605366.SH,20220526,20.28,21.79,19.37,21.79,9.995,198572.38,20.98,20.2,16.71,13.21,20.93,82.02,20.89,1.0,1.12,other,https://gu.qq.com/sh600548/gp
298,603610.SH,20220526,16.03,16.28,15.77,16.22,0.9334,18035.73,16.09,16.87,16.18,15.49,4.27,41.94,6.42,0.67,0.61,other,https://gu.qq.com/sh600548/gp
299,002777.SZ,20220526,12.82,12.89,12.5,12.79,0.7087,19623.79,12.73,13.21,12.28,11.36,7.54,45.5,9.77,0.77,1.16,other,https://gu.qq.com/sh600548/gp
300,002384.SZ,20220526,16.66,17.75,16.14,17.15,3.003,345155.4,17.01,17.61,16.61,15.61,6.02,48.29,7.81,0.77,1.26,other,https://gu.qq.com/sh600548/gp
301,600183.SH,20220526,16.08,16.08,15.6,15.73,-1.3174,111412.64,15.8,16.7,15.99,15.28,4.42,44.38,5.46,0.81,0.74,other,https://gu.qq.com/sh600548/gp
302,603466.SH,20220526,19.0,20.1,18.9,19.57,5.6695,329900.46,19.52,18.23,16.8,15.37,8.51,60.71,10.57,0.8,2.21,other,https://gu.qq.com/sh600548/gp
303,002007.SZ,20220526,20.0,20.2,19.14,19.34,-5.3816,681178.81,19.56,19.05,17.06,15.07,11.67,62.59,9.4,1.24,1.04,other,https://gu.qq.com/sh600548/gp
304,000902.SZ,20220526,16.17,16.43,15.8,16.33,0.5542,54043.23,16.19,16.78,15.93,15.09,5.29,48.3,7.2,0.73,0.56,other,https://gu.qq.com/sh600548/gp
305,600171.SH,20220526,17.16,17.36,16.73,17.22,0.4082,145944.55,17.1,18.1,16.51,14.92,9.64,47.02,12.42,0.78,0.6,other,https://gu.qq.com/sh600548/gp
306,603319.SH,20220526,17.46,17.46,16.7,17.15,-1.2097,44760.0,17.1,17.78,16.64,15.51,6.82,46.34,12.13,0.56,0.48,other,https://gu.qq.com/sh600548/gp
307,600048.SH,20220526,16.2,16.69,16.02,16.43,1.2947,817572.44,16.38,17.77,16.72,15.67,6.27,44.89,7.76,0.81,0.71,other,https://gu.qq.com/sh600548/gp
308,603886.SH,20220526,16.15,16.2,15.85,15.96,-0.25,12664.0,16.0,16.56,15.92,15.28,4.01,43.33,10.05,0.4,0.49,crossOverSMA,https://gu.qq.com/sh600548/gp
309,002050.SZ,20220526,16.66,16.84,16.28,16.56,0.1209,111938.13,16.56,17.88,16.54,15.2,8.11,49.06,13.27,0.61,0.47,other,https://gu.qq.com/sh600548/gp
310,600171.SH,20220526,17.16,17.36,16.73,17.22,0.4082,145944.55,17.1,18.1,16.51,14.92,9.64,47.02,12.42,0.78,0.6,other,https://gu.qq.com/sh600548/gp
311,603319.SH,20220526,17.46,17.46,16.7,17.15,-1.2097,44760.0,17.1,17.78,16.64,15.51,6.82,46.34,12.13,0.56,0.48,other,https://gu.qq.com/sh600548/gp
312,600048.SH,20220526,16.2,16.69,16.02,16.43,1.2947,817572.44,16.38,17.77,16.72,15.67,6.27,44.89,7.76,0.81,0.71,other,https://gu.qq.com/sh600548/gp
313,600459.SH,20220526,17.5,17.51,16.81,17.32,-0.6311,57324.52,17.21,18.28,16.84,15.39,8.59,43.42,10.39,0.83,0.8,other,https://gu.qq.com/sh600548/gp
314,603886.SH,20220526,16.15,16.2,15.85,15.96,-0.25,12664.0,16.0,16.56,15.92,15.28,4.01,43.33,10.05,0.4,0.49,crossOverSMA,https://gu.qq.com/sh600548/gp
315,603920.SH,20220526,16.55,16.91,16.15,16.75,1.2085,47831.68,16.6,18.61,15.5,12.39,20.08,55.52,24.19,0.83,0.68,other,https://gu.qq.com/sh600548/gp
316,002439.SZ,20220526,17.11,17.28,16.7,17.13,0.1754,94928.54,17.04,18.01,17.19,16.37,4.75,39.18,7.8,0.61,0.77,other,https://gu.qq.com/sh600548/gp
317,603565.SH,20220526,17.51,18.42,16.93,18.15,4.4905,115734.88,17.83,18.03,17.12,16.21,5.31,57.11,7.06,0.75,1.38,other,https://gu.qq.com/sh600548/gp
318,603218.SH,20220526,20.55,22.07,20.46,21.4,3.232,311267.88,21.31,20.97,17.82,14.68,17.65,66.48,17.17,1.03,0.98,other,https://gu.qq.com/sh600548/gp
319,000708.SZ,20220526,17.42,18.08,17.3,17.94,3.341,96809.44,17.77,18.28,17.51,16.73,4.4,47.65,6.2,0.71,0.8,crossOverSMA,https://gu.qq.com/sh600548/gp
320,600392.SH,20220526,17.56,17.73,17.02,17.54,0.057,289466.0,17.43,19.33,16.72,14.11,15.59,55.2,20.68,0.75,0.66,other,https://gu.qq.com/sh600548/gp
321,002705.SZ,20220526,17.19,17.9,16.91,17.81,4.274,85181.58,17.54,18.98,17.17,15.35,10.57,52.62,12.8,0.83,0.76,crossOverSMA,https://gu.qq.com/sh600548/gp
322,002878.SZ,20220526,18.78,19.65,18.46,19.35,2.5437,175662.33,19.15,18.83,17.19,15.55,9.53,62.5,10.53,0.9,3.0,other,https://gu.qq.com/sh600548/gp
323,000938.SZ,20220526,17.02,17.5,16.69,17.28,1.7668,165782.06,17.16,18.95,17.28,15.62,9.63,43.24,12.2,0.79,0.93,other,https://gu.qq.com/sh600548/gp
324,002182.SZ,20220526,18.54,18.54,17.9,18.22,-1.673,174917.85,18.22,19.17,17.75,16.33,8.0,47.9,9.11,0.88,0.67,other,https://gu.qq.com/sh600548/gp
325,600549.SH,20220526,19.68,19.68,18.95,19.31,-1.9797,181457.22,19.31,20.46,17.33,14.19,18.1,63.38,20.14,0.9,0.55,other,https://gu.qq.com/sh600548/gp
326,002444.SZ,20220526,17.39,17.88,17.24,17.78,1.4261,132737.1,17.63,19.35,16.94,14.54,14.21,58.15,20.81,0.68,0.61,other,https://gu.qq.com/sh600548/gp
327,000988.SZ,20220526,18.93,19.56,18.69,19.35,2.0032,123343.66,19.2,19.88,17.75,15.61,12.01,59.71,13.78,0.87,0.68,other,https://gu.qq.com/sh600548/gp
328,002368.SZ,20220526,17.49,17.78,17.03,17.63,0.8005,81819.28,17.48,18.75,17.64,16.52,6.31,37.45,9.7,0.65,1.11,other,https://gu.qq.com/sh600548/gp
329,603477.SH,20220526,19.3,20.2,18.99,19.82,4.9232,382652.57,19.67,19.34,18.01,16.68,7.37,53.03,12.35,0.6,1.8,other,https://gu.qq.com/sh600548/gp
330,002601.SZ,20220526,18.61,18.67,18.15,18.45,-0.4317,99754.56,18.42,19.28,17.82,16.37,8.15,45.72,10.24,0.8,0.65,other,https://gu.qq.com/sh600548/gp
331,002643.SZ,20220526,18.9,18.9,18.2,18.83,0.2129,40992.07,18.64,20.22,18.02,15.82,12.22,55.99,16.63,0.73,0.67,other,https://gu.qq.com/sh600548/gp
332,002690.SZ,20220526,18.29,18.63,17.85,18.33,0.7143,26414.59,18.27,19.14,17.6,16.06,8.73,50.23,11.14,0.78,0.77,other,https://gu.qq.com/sh600548/gp
333,603877.SH,20220526,18.97,19.38,18.35,19.3,2.496,31046.43,19.01,19.46,18.37,17.27,5.96,49.73,8.64,0.69,0.86,other,https://gu.qq.com/sh600548/gp
334,002955.SZ,20220526,20.16,20.27,19.65,19.99,-0.9415,19866.57,19.97,20.82,17.78,14.74,17.08,65.81,18.82,0.91,0.37,other,https://gu.qq.com/sh600548/gp
335,003029.SZ,20220526,18.75,18.79,18.1,18.33,-0.4345,12857.0,18.41,19.25,18.62,17.99,3.38,37.21,6.17,0.55,0.44,other,https://gu.qq.com/sh600548/gp
336,000830.SZ,20220526,19.18,19.44,18.9,19.26,0.4171,179206.31,19.2,19.43,18.47,17.5,5.23,60.92,5.37,0.97,0.52,other,https://gu.qq.com/sh600548/gp
337,605108.SH,20220526,19.15,19.49,18.71,19.33,0.6771,20698.01,19.18,20.25,18.1,15.94,11.92,57.61,15.37,0.78,0.53,other,https://gu.qq.com/sh600548/gp
338,600323.SH,20220526,19.39,19.94,19.38,19.73,1.806,84429.97,19.68,19.86,18.76,17.65,5.9,64.36,7.32,0.81,1.67,other,https://gu.qq.com/sh600548/gp
339,601166.SH,20220526,19.6,19.62,19.35,19.53,0.0,616063.24,19.5,20.63,19.86,19.09,3.89,37.85,5.88,0.66,0.72,other,https://gu.qq.com/sh600548/gp
340,002245.SZ,20220526,18.34,18.42,17.71,18.13,-1.0911,356238.03,18.09,20.95,18.89,16.83,10.91,39.59,13.59,0.8,0.93,other,https://gu.qq.com/sh600548/gp
341,603801.SH,20220526,20.49,20.54,19.73,20.18,-1.8482,42934.16,20.15,21.12,19.88,18.65,6.21,41.63,13.48,0.46,0.71,other,https://gu.qq.com/sh600548/gp
342,605068.SH,20220526,19.73,20.11,18.86,20.05,2.2438,17987.5,19.67,20.91,18.67,16.44,11.98,48.01,14.92,0.8,0.8,other,https://gu.qq.com/sh600548/gp
343,605189.SH,20220526,19.5,19.88,19.1,19.7,1.0775,8666.67,19.56,20.8,19.83,18.85,4.92,38.4,12.83,0.38,0.5,other,https://gu.qq.com/sh600548/gp
344,002851.SZ,20220526,19.64,20.05,19.2,19.9,1.9467,24251.27,19.72,20.71,19.23,17.75,7.71,46.26,9.62,0.8,0.92,other,https://gu.qq.com/sh600548/gp
345,600089.SH,20220526,21.61,21.88,21.32,21.56,-0.2314,786225.39,21.59,21.88,19.95,18.01,9.69,69.24,10.13,0.96,0.7,other,https://gu.qq.com/sh600548/gp
346,000672.SZ,20220526,19.99,20.25,19.88,20.11,1.1569,109120.58,20.08,21.15,20.27,19.4,4.31,46.06,5.46,0.79,1.49,other,https://gu.qq.com/sh600548/gp
347,002925.SZ,20220526,19.03,19.17,18.52,18.89,-0.8399,33361.78,18.86,20.1,19.29,18.48,4.19,34.94,7.24,0.58,0.61,other,https://gu.qq.com/sh600548/gp
348,002484.SZ,20220526,21.27,21.91,20.73,21.43,-0.0932,41987.24,21.36,23.17,19.84,16.5,16.79,58.47,21.24,0.79,0.54,other,https://gu.qq.com/sh600548/gp
349,603915.SH,20220526,21.5,23.45,21.16,23.2,8.818,75991.28,22.6,22.19,20.24,18.3,9.61,53.85,11.67,0.82,1.11,other,https://gu.qq.com/sh600548/gp
350,002833.SZ,20220526,20.4,20.57,19.9,20.4,0.691,15533.88,20.29,21.19,19.97,18.76,6.07,43.91,8.43,0.72,0.87,other,https://gu.qq.com/sh600548/gp
351,002372.SZ,20220526,18.63,18.98,18.3,18.79,0.8588,35629.72,18.69,19.52,18.61,17.71,4.86,46.66,6.04,0.8,0.42,crossOverSMA,https://gu.qq.com/sh600548/gp
352,600741.SH,20220526,22.13,22.13,21.21,21.77,-1.8485,198723.26,21.7,22.06,20.05,18.04,10.04,62.21,10.85,0.93,0.61,other,https://gu.qq.com/sh600548/gp
353,002216.SZ,20220526,19.6805,19.9379,19.4231,19.7201,-0.1003,68263.37,19.69,21.56,20.24,18.92,6.54,54.02,8.04,0.81,0.56,other,https://gu.qq.com/sh600548/gp
354,001205.SZ,20220526,20.71,21.48,20.11,20.97,2.895,129975.37,20.85,20.73,18.59,16.45,11.5,59.43,12.61,0.91,2.05,other,https://gu.qq.com/sh600548/gp
355,603733.SH,20220526,20.0,20.33,19.48,20.17,0.7493,23228.23,19.99,21.41,20.39,19.37,5.01,34.27,7.22,0.69,0.83,other,https://gu.qq.com/sh600548/gp
356,002727.SZ,20220526,22.52,22.6,21.68,22.14,-1.2048,73285.02,22.14,22.02,20.42,18.82,7.82,60.97,8.04,0.97,0.68,other,https://gu.qq.com/sh600548/gp
357,000581.SZ,20220526,20.87,20.95,20.55,20.89,0.0958,48796.23,20.8,20.97,20.37,19.76,2.98,62.12,3.25,0.92,0.62,other,https://gu.qq.com/sh600548/gp
358,001205.SZ,20220526,20.71,21.48,20.11,20.97,2.895,129975.37,20.85,20.73,18.59,16.45,11.5,59.43,12.61,0.91,2.05,other,https://gu.qq.com/sh600548/gp
359,603733.SH,20220526,20.0,20.33,19.48,20.17,0.7493,23228.23,19.99,21.41,20.39,19.37,5.01,34.27,7.22,0.69,0.83,other,https://gu.qq.com/sh600548/gp
360,002727.SZ,20220526,22.52,22.6,21.68,22.14,-1.2048,73285.02,22.14,22.02,20.42,18.82,7.82,60.97,8.04,0.97,0.68,other,https://gu.qq.com/sh600548/gp
361,601601.SH,20220526,20.88,21.3,20.7,21.24,1.8705,221033.62,21.08,21.24,20.73,20.23,2.45,45.6,4.56,0.54,0.89,other,https://gu.qq.com/sh600548/gp
362,002335.SZ,20220526,24.0,24.02,22.7,23.09,-2.697,110159.35,23.27,24.39,21.11,17.82,15.56,56.99,17.55,0.89,0.56,other,https://gu.qq.com/sh600548/gp
363,003022.SZ,20220526,26.5,28.0,26.07,27.8,3.8476,243050.07,27.29,27.44,21.83,16.22,25.68,70.05,24.64,1.04,0.72,other,https://gu.qq.com/sh600548/gp
364,002884.SZ,20220526,19.81,20.05,19.53,19.85,0.3539,15756.0,19.81,21.26,19.52,17.78,8.93,50.16,11.21,0.8,0.72,other,https://gu.qq.com/sh600548/gp
365,603855.SH,20220526,21.2,21.68,21.08,21.42,0.0935,5498.0,21.39,22.87,21.48,20.09,6.47,50.6,10.08,0.64,0.43,other,https://gu.qq.com/sh600548/gp
366,603927.SH,20220526,20.9,21.05,20.45,20.91,-0.0478,39409.77,20.8,21.66,21.07,20.48,2.8,35.69,8.32,0.34,0.72,other,https://gu.qq.com/sh600548/gp
367,002396.SZ,20220526,20.88,21.6,20.35,21.4,2.9836,116190.34,21.12,22.29,21.42,20.54,4.09,46.33,5.36,0.76,1.11,other,https://gu.qq.com/sh600548/gp
368,600346.SH,20220526,21.9,22.78,21.86,22.55,3.8214,348660.16,22.4,23.69,21.93,20.18,8.01,53.37,10.9,0.73,1.63,crossOverSMA,https://gu.qq.com/sh600548/gp
369,600529.SH,20220526,22.51,23.28,22.35,23.13,2.8915,154679.97,22.92,23.42,21.68,19.93,8.05,51.63,9.7,0.83,1.59,other,https://gu.qq.com/sh600548/gp
370,600884.SH,20220526,22.15,22.54,21.6,22.06,-0.5858,225286.12,22.07,23.38,21.83,20.28,7.09,42.42,9.97,0.71,0.6,other,https://gu.qq.com/sh600548/gp
371,600729.SH,20220526,21.4,21.68,21.25,21.54,1.1743,22466.26,21.49,25.62,23.1,20.59,10.89,37.39,11.4,0.96,0.57,other,https://gu.qq.com/sh600548/gp
372,600764.SH,20220526,22.42,23.78,22.11,23.06,2.8546,115821.66,22.98,23.34,21.99,20.64,6.13,47.54,9.13,0.67,1.37,other,https://gu.qq.com/sh600548/gp
373,601615.SH,20220526,25.07,25.7,24.8,25.26,1.0804,448868.38,25.25,25.7,23.09,20.48,11.31,66.1,12.26,0.92,0.71,other,https://gu.qq.com/sh600548/gp
374,603355.SH,20220526,21.36,21.9,21.05,21.89,2.4333,12399.73,21.61,23.82,21.44,19.07,11.08,50.13,14.08,0.79,0.7,other,https://gu.qq.com/sh600548/gp
375,603043.SH,20220526,21.94,22.37,21.7,22.3,1.7336,19415.4,22.12,23.32,22.48,21.65,3.73,46.34,4.9,0.76,0.66,other,https://gu.qq.com/sh600548/gp
376,002258.SZ,20220526,22.45,22.55,21.67,22.15,-1.3363,92058.22,22.12,23.81,21.91,20.02,8.65,49.47,11.21,0.77,0.74,other,https://gu.qq.com/sh600548/gp
377,600900.SH,20220526,23.35,23.84,23.21,23.8,2.542,585997.55,23.62,23.44,22.94,22.44,2.18,60.53,2.59,0.84,1.07,other,https://gu.qq.com/sh600548/gp
378,603916.SH,20220526,23.1,24.2,22.61,23.93,3.5931,30673.28,23.58,24.6,22.58,20.55,8.97,58.21,12.16,0.74,0.9,other,https://gu.qq.com/sh600548/gp
379,002555.SZ,20220526,20.5322,20.8859,20.2866,20.6501,-0.0474,189387.54,20.61,23.07,21.65,20.22,6.57,41.68,8.41,0.78,0.51,other,https://gu.qq.com/sh600548/gp
380,000063.SZ,20220526,22.59,24.55,22.39,24.2,7.4123,1043038.95,23.71,23.97,23.26,22.54,3.06,53.15,4.96,0.62,2.62,crossOverSMA,https://gu.qq.com/sh600548/gp
381,603305.SH,20220526,23.8,23.85,22.9,23.43,-0.2979,39076.89,23.39,25.75,21.66,17.58,18.87,57.85,23.53,0.8,0.46,other,https://gu.qq.com/sh600548/gp
382,000739.SZ,20220526,22.24,23.0,21.8,21.89,-3.5258,242069.37,22.23,26.38,22.27,18.16,18.45,43.48,22.5,0.82,0.57,other,https://gu.qq.com/sh600548/gp
383,002223.SZ,20220526,22.68,22.85,22.25,22.75,0.7083,45638.09,22.62,24.03,22.89,21.76,4.94,40.38,8.1,0.61,0.6,other,https://gu.qq.com/sh600548/gp
384,600584.SH,20220526,23.9,24.1,23.38,23.83,-0.0419,172422.39,23.77,25.49,23.21,20.93,9.82,49.58,11.95,0.82,0.63,other,https://gu.qq.com/sh600548/gp
385,603681.SH,20220526,23.7,23.7,22.88,23.51,0.0426,11673.94,23.36,25.89,22.22,18.54,16.54,50.92,19.96,0.83,0.58,other,https://gu.qq.com/sh600548/gp
386,601156.SH,20220526,22.2653,22.372,21.7708,22.1393,-0.7389,48679.9,22.09,24.3,22.58,20.86,7.62,47.59,9.12,0.84,0.55,other,https://gu.qq.com/sh600548/gp
387,603719.SH,20220526,24.06,24.08,23.12,23.69,-0.4622,19409.85,23.63,24.6,23.65,22.69,4.03,38.96,8.84,0.46,0.67,other,https://gu.qq.com/sh600548/gp
388,600872.SH,20220526,24.78,25.5,24.15,24.85,0.323,190769.48,24.83,25.52,24.75,23.98,3.13,43.24,7.18,0.44,0.76,crossOverSMA,https://gu.qq.com/sh600548/gp
389,000977.SZ,20220526,24.11,24.58,23.64,24.35,0.9954,160335.18,24.19,25.72,24.5,23.29,4.96,39.31,7.31,0.68,0.66,other,https://gu.qq.com/sh600548/gp
390,600566.SH,20220526,23.17,23.36,22.61,23.01,0.1305,48153.74,22.99,24.7,22.91,21.13,7.79,47.65,9.46,0.82,0.74,crossOverSMA,https://gu.qq.com/sh600548/gp
391,002138.SZ,20220526,25.18,26.18,24.82,25.86,2.9049,92817.47,25.62,26.67,24.72,22.78,7.88,55.33,10.19,0.77,1.15,other,https://gu.qq.com/sh600548/gp
392,002832.SZ,20220526,23.93,24.48,23.58,24.0,0.9676,15780.22,24.02,25.82,23.86,21.9,8.22,48.87,9.98,0.82,0.67,other,https://gu.qq.com/sh600548/gp
393,601155.SH,20220526,24.37,25.62,24.02,25.23,4.2562,289425.46,24.96,26.5,24.89,23.29,6.45,45.61,9.14,0.71,1.12,crossOverSMA,https://gu.qq.com/sh600548/gp
394,603859.SH,20220526,28.05,28.05,27.0,27.2,-3.0303,41721.11,27.42,27.83,25.0,22.17,11.31,55.69,12.82,0.88,1.68,other,https://gu.qq.com/sh600548/gp
395,002801.SZ,20220526,25.46,25.46,24.2,24.81,-1.7815,24833.5,24.82,27.24,24.98,22.72,9.04,51.12,12.53,0.72,0.46,other,https://gu.qq.com/sh600548/gp
396,601677.SH,20220526,24.89,26.29,24.47,25.79,3.6159,96597.17,25.52,27.21,24.2,21.19,12.42,52.1,16.18,0.77,0.83,other,https://gu.qq.com/sh600548/gp
397,600295.SH,20220526,27.4,27.81,26.8,27.3,-0.5102,127123.64,27.3,27.97,26.04,24.1,7.44,54.21,11.37,0.65,0.7,other,https://gu.qq.com/sh600548/gp
398,600690.SH,20220526,25.06,25.15,24.46,24.99,-0.1199,360396.7,24.87,26.52,25.32,24.12,4.73,47.77,6.3,0.75,1.01,other,https://gu.qq.com/sh600548/gp
399,000408.SZ,20220526,29.85,30.85,29.26,30.12,0.9383,173124.0,30.08,31.67,27.14,22.62,16.66,58.1,18.06,0.92,0.51,other,https://gu.qq.com/sh600548/gp
400,601869.SH,20220526,26.89,27.7,26.42,27.19,1.0781,19619.34,27.1,28.69,25.42,22.16,12.83,58.35,15.43,0.83,0.64,other,https://gu.qq.com/sh600548/gp
401,002487.SZ,20220526,30.0,31.9,29.3,30.69,1.087,543402.43,30.63,31.69,25.27,18.85,25.41,65.78,26.68,0.95,0.81,other,https://gu.qq.com/sh600548/gp
402,605099.SH,20220526,24.36,24.85,24.21,24.55,1.0288,8945.0,24.54,27.61,25.62,23.62,7.78,40.34,9.16,0.85,0.83,other,https://gu.qq.com/sh600548/gp
403,002831.SZ,20220526,26.0,27.27,25.21,27.15,4.6243,29461.47,26.54,27.79,26.29,24.79,5.71,52.24,7.22,0.79,1.62,crossOverSMA,https://gu.qq.com/sh600548/gp
404,603180.SH,20220526,24.7,25.39,24.11,25.11,1.8661,10234.72,24.87,26.5,25.03,23.55,5.88,37.45,11.72,0.5,0.72,other,https://gu.qq.com/sh600548/gp
405,003019.SZ,20220526,25.35,25.57,24.67,25.25,-0.3158,12832.61,25.16,29.45,26.0,22.55,13.26,46.87,20.08,0.66,0.54,other,https://gu.qq.com/sh600548/gp
406,605336.SH,20220526,25.05,25.47,24.38,25.47,1.6766,14291.69,25.11,28.22,26.62,25.02,6.01,38.69,6.29,0.96,0.75,other,https://gu.qq.com/sh600548/gp
407,002497.SZ,20220526,28.88,29.08,27.92,28.7,-0.1392,358172.43,28.57,30.13,27.2,24.27,10.76,51.63,12.75,0.84,0.58,other,https://gu.qq.com/sh600548/gp
408,603707.SH,20220526,27.18,27.49,26.5,27.25,-0.5111,27429.14,27.08,28.98,27.0,25.03,7.32,43.95,8.65,0.85,0.57,other,https://gu.qq.com/sh600548/gp
409,002876.SZ,20220526,26.88,27.08,25.73,26.49,-1.4509,51667.75,26.43,28.91,26.65,24.38,8.49,36.84,11.85,0.72,0.66,other,https://gu.qq.com/sh600548/gp
410,603008.SH,20220526,26.26,27.05,25.85,26.74,0.3377,28944.35,26.55,28.77,25.29,21.8,13.78,49.85,16.18,0.85,1.03,other,https://gu.qq.com/sh600548/gp
411,002938.SZ,20220526,27.04,27.3,26.09,26.9,0.1489,72779.06,26.76,29.38,28.1,26.82,4.56,37.88,4.98,0.92,0.78,other,https://gu.qq.com/sh600548/gp
412,002984.SZ,20220526,27.1,27.38,26.25,26.6,-1.518,39527.0,26.74,29.81,27.05,24.3,10.18,40.15,12.68,0.8,0.98,other,https://gu.qq.com/sh600548/gp
413,002008.SZ,20220526,28.78,29.15,28.05,28.92,0.6263,148544.04,28.71,29.91,28.17,26.42,6.19,37.46,9.17,0.68,0.65,other,https://gu.qq.com/sh600548/gp
414,002430.SZ,20220526,27.54,28.57,27.21,28.48,3.4132,57287.73,28.09,30.85,27.61,24.36,11.74,53.73,16.89,0.7,0.99,other,https://gu.qq.com/sh600548/gp
415,603233.SH,20220526,31.34,33.76,31.12,32.53,3.3355,164340.49,32.47,31.34,27.86,24.37,12.51,70.88,13.49,0.93,2.89,other,https://gu.qq.com/sh600548/gp
416,000028.SZ,20220526,28.83,28.95,28.37,28.67,-0.2436,19964.69,28.66,29.38,28.62,27.86,2.65,45.3,3.95,0.67,0.8,crossOverSMA,https://gu.qq.com/sh600548/gp
417,603416.SH,20220526,29.8,30.18,29.2,29.28,0.2053,13884.74,29.55,30.74,28.99,27.24,6.03,47.88,7.81,0.77,0.97,other,https://gu.qq.com/sh600548/gp
418,600511.SH,20220526,27.83,27.93,27.38,27.75,0.0,82028.03,27.69,31.85,29.26,26.66,8.87,43.71,11.57,0.77,0.59,other,https://gu.qq.com/sh600548/gp
419,605338.SH,20220526,28.18,28.48,27.64,28.34,0.4608,12110.92,28.15,31.19,29.63,28.06,5.29,40.11,6.98,0.76,0.63,other,https://gu.qq.com/sh600548/gp
420,002475.SZ,20220526,29.27,31.55,28.53,30.6,4.5439,1007808.17,30.23,31.62,29.59,27.56,6.86,49.39,8.74,0.79,1.7,crossOverSMA,https://gu.qq.com/sh600548/gp
421,000786.SZ,20220526,29.1,29.38,28.7,29.0,0.4155,52393.66,29.03,30.81,29.55,28.28,4.29,44.06,5.74,0.75,0.55,other,https://gu.qq.com/sh600548/gp
422,002993.SZ,20220526,29.5,29.82,28.82,29.59,0.4754,11239.64,29.41,31.51,30.26,29.01,4.13,47.93,5.81,0.71,0.52,other,https://gu.qq.com/sh600548/gp
423,603005.SH,20220526,19.38,19.45,18.8,19.31,-0.3612,138129.95,19.19,20.42,18.76,17.11,8.8,43.02,12.29,0.72,0.69,other,https://gu.qq.com/sh600548/gp
424,002568.SZ,20220526,30.2,30.75,29.37,30.61,1.2235,49581.59,30.24,31.95,30.39,28.82,5.15,40.21,12.04,0.43,0.7,other,https://gu.qq.com/sh600548/gp
425,003021.SZ,20220526,31.44,31.6,30.3,31.09,-0.9242,10609.03,31.0,33.82,30.12,26.43,12.26,41.69,14.82,0.83,0.69,other,https://gu.qq.com/sh600548/gp
426,605398.SH,20220526,31.5,31.5,30.26,30.99,-0.3537,5809.29,30.92,32.69,30.73,28.77,6.37,38.74,11.34,0.56,0.85,crossOverSMA,https://gu.qq.com/sh600548/gp
427,605337.SH,20220526,24.18,24.26,23.6,23.75,-3.1008,38488.32,23.87,24.83,22.83,20.83,8.78,53.49,10.66,0.82,0.56,other,https://gu.qq.com/sh600548/gp
428,002028.SZ,20220526,33.39,33.72,31.66,33.05,-1.987,119797.8,32.81,34.84,31.16,27.49,11.79,53.08,14.2,0.83,0.97,other,https://gu.qq.com/sh600548/gp
429,600315.SH,20220526,31.99,33.48,31.85,33.15,3.8534,60729.7,32.83,32.8,31.67,30.53,3.58,53.42,4.9,0.73,1.32,other,https://gu.qq.com/sh600548/gp
430,002415.SZ,20220526,31.68,32.34,31.5,31.99,1.5233,723331.7,31.94,39.68,34.2,28.72,16.03,34.44,20.13,0.8,0.68,other,https://gu.qq.com/sh600548/gp
431,600111.SH,20220526,34.0,34.58,33.16,34.09,-0.2633,581444.26,33.94,35.88,32.59,29.31,10.08,48.36,12.24,0.82,0.53,other,https://gu.qq.com/sh600548/gp
432,002407.SZ,20220526,38.99,39.21,38.18,38.49,-2.557,305564.98,38.63,39.91,34.02,28.13,17.32,63.47,17.16,1.01,0.47,other,https://gu.qq.com/sh600548/gp
433,000513.SZ,20220526,31.85,34.1,31.45,33.78,6.4272,164725.29,33.11,34.13,32.75,31.37,4.21,47.74,5.82,0.72,2.48,crossOverSMA,https://gu.qq.com/sh600548/gp
434,603380.SH,20220526,33.14,33.56,32.32,33.41,0.4812,4233.0,33.1,35.81,32.03,28.25,11.8,58.17,16.14,0.73,0.93,other,https://gu.qq.com/sh600548/gp
435,002968.SZ,20220526,33.05,33.45,32.25,32.91,-0.4838,3951.0,32.87,34.02,32.81,31.6,3.69,46.45,4.86,0.76,0.47,crossOverSMA,https://gu.qq.com/sh600548/gp
436,600406.SH,20220526,33.33,33.8,32.56,33.46,-0.6532,166634.78,33.27,35.79,32.06,28.34,11.62,59.29,17.41,0.67,0.64,other,https://gu.qq.com/sh600548/gp
437,000651.SZ,20220526,31.78,31.99,31.35,31.74,-0.0944,432331.3,31.69,34.58,32.49,30.4,6.42,41.19,7.95,0.81,1.0,other,https://gu.qq.com/sh600548/gp
438,603738.SH,20220526,33.45,34.16,32.74,33.41,-0.7427,28294.76,33.44,36.23,32.06,27.9,12.98,49.84,15.81,0.82,0.64,other,https://gu.qq.com/sh600548/gp
439,002142.SZ,20220526,33.35,33.37,32.35,32.42,-2.4082,339241.67,32.71,36.27,34.3,32.33,5.74,31.67,7.36,0.78,0.99,other,https://gu.qq.com/sh600548/gp
440,603039.SH,20220526,34.33,36.04,33.41,36.04,5.0117,28325.71,35.16,42.11,36.41,30.71,15.65,33.35,25.12,0.62,0.6,other,https://gu.qq.com/sh600548/gp
441,601877.SH,20220526,35.23,36.02,34.41,34.9,-0.1431,141069.08,35.11,37.33,33.72,30.11,10.7,49.66,13.4,0.8,0.8,other,https://gu.qq.com/sh600548/gp
442,002241.SZ,20220526,36.29,37.82,35.6,37.04,2.2922,513986.62,36.82,38.82,34.74,30.66,11.76,59.29,16.4,0.72,1.06,other,https://gu.qq.com/sh600548/gp
443,600141.SH,20220526,36.17,36.95,35.23,36.31,-0.2473,243403.28,36.16,37.65,33.89,30.13,11.1,56.13,12.77,0.87,0.63,other,https://gu.qq.com/sh600548/gp
444,603197.SH,20220526,35.3,36.4,34.48,35.58,-0.559,34449.0,35.49,39.19,33.64,28.09,16.5,48.77,19.71,0.84,0.47,other,https://gu.qq.com/sh600548/gp
445,000049.SZ,20220526,35.81,36.08,34.89,35.93,0.3912,53037.18,35.63,38.54,33.4,28.26,15.39,55.35,18.06,0.85,0.45,other,https://gu.qq.com/sh600548/gp
446,002353.SZ,20220526,35.71,36.94,34.81,36.51,2.7872,101332.57,36.09,36.64,33.15,29.67,10.51,55.36,12.76,0.82,1.08,other,https://gu.qq.com/sh600548/gp
447,603883.SH,20220526,40.47,41.76,39.0,40.86,2.6633,86711.07,40.54,39.6,34.65,29.7,14.28,76.21,15.54,0.92,2.57,other,https://gu.qq.com/sh600548/gp
448,600378.SH,20220526,36.18,37.0,35.6,36.2,-0.6859,16202.04,36.27,38.64,34.53,30.41,11.91,55.44,14.97,0.8,0.81,other,https://gu.qq.com/sh600548/gp
449,002648.SZ,20220526,36.68,37.88,36.21,37.49,2.5157,59703.09,37.19,38.1,35.73,33.36,6.63,50.82,8.6,0.77,0.78,other,https://gu.qq.com/sh600548/gp
450,605009.SH,20220526,35.64,35.95,34.6,35.67,0.7912,8612.51,35.41,37.11,35.93,34.76,3.28,34.05,6.57,0.5,0.85,other,https://gu.qq.com/sh600548/gp
451,002960.SZ,20220526,25.52,28.06,25.2,27.4,6.3665,88725.94,26.89,26.98,24.61,22.24,9.62,55.87,12.07,0.8,1.85,other,https://gu.qq.com/sh600548/gp
452,600036.SH,20220526,39.0,39.0,38.08,38.43,-0.9025,615429.63,38.5,40.05,38.23,36.4,4.78,42.16,7.54,0.63,0.67,other,https://gu.qq.com/sh600548/gp
453,600887.SH,20220526,37.14,37.73,37.1,37.37,0.6193,454455.05,37.4,38.93,37.9,36.88,2.71,45.46,3.05,0.89,0.97,other,https://gu.qq.com/sh600548/gp
454,002709.SZ,20220526,38.61,38.73,37.5,37.86,-0.9678,302367.16,38.03,41.5,37.99,34.47,9.25,41.7,11.47,0.81,0.6,other,https://gu.qq.com/sh600548/gp
455,600585.SH,20220526,37.42,38.15,37.41,37.69,1.5356,268442.67,37.75,39.94,38.32,36.69,4.25,44.9,4.86,0.87,1.35,other,https://gu.qq.com/sh600548/gp
456,603938.SH,20220526,40.9,43.12,40.3,42.63,4.2298,61783.98,42.02,44.28,36.19,28.1,22.35,69.76,26.54,0.84,0.9,other,https://gu.qq.com/sh600548/gp
457,002597.SZ,20220526,35.96,36.93,35.22,36.35,0.5254,70270.9,36.17,40.74,38.0,35.27,7.19,39.11,8.58,0.84,0.77,other,https://gu.qq.com/sh600548/gp
458,002129.SZ,20220526,42.71,43.43,42.16,42.87,0.4452,282996.46,42.82,44.46,40.24,36.02,10.48,57.39,11.84,0.88,0.59,other,https://gu.qq.com/sh600548/gp
459,603678.SH,20220526,39.4,42.66,38.8,41.1,4.4473,110889.23,40.85,42.59,38.97,35.35,9.3,49.17,11.71,0.79,1.76,other,https://gu.qq.com/sh600548/gp
460,600438.SH,20220526,45.39,45.65,44.45,44.99,-0.3985,389593.85,45.03,46.07,41.61,37.14,10.72,66.59,12.64,0.85,0.5,other,https://gu.qq.com/sh600548/gp
461,000999.SZ,20220526,40.51,42.51,40.51,41.82,3.2848,71678.26,41.61,42.08,39.0,35.93,7.88,62.72,11.02,0.72,1.19,other,https://gu.qq.com/sh600548/gp
462,002541.SZ,20220526,40.01,40.87,39.85,40.27,-0.124,16021.5,40.33,41.52,38.96,36.41,6.56,50.43,8.07,0.81,0.8,other,https://gu.qq.com/sh600548/gp
463,600038.SH,20220526,34.51,35.88,34.35,35.78,3.053,246777.74,35.34,42.9,39.26,35.62,9.28,28.2,9.3,1.0,1.1,other,https://gu.qq.com/sh600548/gp
464,605399.SH,20220526,43.71,45.8,42.97,45.8,4.7815,40941.0,44.86,45.53,41.62,37.71,9.4,58.18,11.39,0.83,1.07,other,https://gu.qq.com/sh600548/gp
465,603939.SH,20220526,46.98,47.5,45.45,47.0,0.0426,36849.16,46.65,47.41,40.53,33.65,16.97,75.84,19.94,0.85,0.8,other,https://gu.qq.com/sh600548/gp
466,600976.SH,20220526,39.91,40.6,38.6,40.24,0.8269,37226.11,39.81,43.96,39.8,35.64,10.44,39.41,13.76,0.76,0.9,other,https://gu.qq.com/sh600548/gp
467,601318.SH,20220526,43.31,43.55,42.95,43.15,-0.1851,400992.22,43.22,44.78,43.94,43.09,1.93,34.4,3.59,0.54,0.91,other,https://gu.qq.com/sh600548/gp
468,600460.SH,20220526,44.82,44.95,43.52,43.99,-1.8519,268552.13,44.15,48.09,43.34,38.59,10.95,47.01,13.01,0.84,0.9,other,https://gu.qq.com/sh600548/gp
469,603369.SH,20220526,43.6,44.44,42.88,44.17,0.7987,92485.44,43.83,45.75,44.14,42.54,3.64,47.73,4.74,0.77,0.9,other,https://gu.qq.com/sh600548/gp
470,603217.SH,20220526,28.47,29.5,27.88,28.6,1.2389,28064.0,28.66,31.22,26.18,21.13,19.27,61.12,24.09,0.8,1.03,other,https://gu.qq.com/sh600548/gp
471,002271.SZ,20220526,45.95,46.5,45.21,46.01,0.1088,95910.06,45.91,46.65,44.92,43.2,3.85,55.72,5.1,0.75,0.52,other,https://gu.qq.com/sh600548/gp
472,002240.SZ,20220526,49.53,50.0,48.2,49.1,-1.7804,225587.27,49.1,52.17,44.99,37.8,15.97,58.4,19.54,0.82,0.55,other,https://gu.qq.com/sh600548/gp
473,003026.SZ,20220526,44.43,45.1,43.0,45.04,1.3729,9778.26,44.38,48.69,43.46,38.23,12.03,41.18,17.55,0.69,0.64,other,https://gu.qq.com/sh600548/gp
474,603658.SH,20220526,43.7,43.95,42.4,42.93,-3.0926,65078.59,43.09,47.79,45.01,42.23,6.18,40.63,7.38,0.84,1.25,other,https://gu.qq.com/sh600548/gp
475,603666.SH,20220526,48.88,50.49,47.77,49.27,0.9011,12293.71,49.18,51.76,45.53,39.29,13.7,53.03,15.37,0.89,0.62,other,https://gu.qq.com/sh600548/gp
476,601100.SH,20220526,47.64,51.89,47.31,50.43,6.3924,100342.4,49.88,50.52,47.02,43.52,7.44,54.48,9.03,0.82,2.52,other,https://gu.qq.com/sh600548/gp
477,603155.SH,20220526,32.99,33.17,32.03,32.5,-1.9608,10953.0,32.57,35.97,33.13,30.29,8.57,44.14,10.81,0.79,0.65,other,https://gu.qq.com/sh600548/gp
478,603899.SH,20220526,50.52,51.49,49.65,50.89,1.78,22172.79,50.68,50.45,47.92,45.39,5.28,60.67,5.81,0.91,0.76,other,https://gu.qq.com/sh600548/gp
479,002352.SZ,20220526,48.54,50.8,48.32,50.49,4.1031,330627.82,49.87,51.33,48.96,46.59,4.84,51.76,6.43,0.75,0.77,crossOverSMA,https://gu.qq.com/sh600548/gp
480,603896.SH,20220526,38.38,38.85,37.45,38.37,1.4543,13939.95,38.22,39.73,37.43,35.14,6.12,50.42,8.58,0.71,0.82,other,https://gu.qq.com/sh600548/gp
481,600885.SH,20220526,50.3,50.34,48.35,49.03,-2.1553,56806.51,49.24,54.73,48.88,43.03,11.96,49.86,16.97,0.7,1.22,other,https://gu.qq.com/sh600548/gp
482,603995.SH,20220526,33.46,33.67,32.87,33.21,-0.8361,9241.85,33.25,36.08,32.89,29.7,9.7,46.37,11.85,0.82,0.5,other,https://gu.qq.com/sh600548/gp
483,002557.SZ,20220526,54.1,54.44,52.75,53.66,-0.8866,23707.93,53.62,57.31,54.7,52.09,4.77,45.05,6.62,0.72,0.56,other,https://gu.qq.com/sh600548/gp
484,605266.SH,20220526,56.8,57.95,55.7,55.99,-2.4394,4144.91,56.55,56.58,54.7,52.82,3.44,49.45,6.99,0.49,0.82,other,https://gu.qq.com/sh600548/gp
485,000333.SZ,20220526,53.4,54.08,51.8,53.82,0.7865,423827.65,53.23,58.65,55.56,52.47,5.56,35.91,6.14,0.91,1.22,other,https://gu.qq.com/sh600548/gp
486,603198.SH,20220526,57.09,58.7,56.05,57.62,0.6111,63785.07,57.46,60.56,57.29,54.03,5.71,48.7,7.03,0.81,0.8,other,https://gu.qq.com/sh600548/gp
487,605358.SH,20220526,59.58,60.3,58.0,58.6,-2.3008,87114.62,58.97,64.23,56.19,48.16,14.3,52.06,17.18,0.83,0.67,other,https://gu.qq.com/sh600548/gp
488,603816.SH,20220526,61.96,63.52,60.68,62.62,1.1632,21634.56,62.27,66.58,60.49,54.41,10.06,51.93,11.88,0.85,0.69,other,https://gu.qq.com/sh600548/gp
489,600745.SH,20220526,66.6,66.6,63.0,63.25,-5.7237,340760.39,64.28,73.65,66.52,59.4,10.71,35.75,13.01,0.82,1.49,other,https://gu.qq.com/sh600548/gp
490,600309.SH,20220526,82.5,84.0,81.4,83.1,0.9598,75126.42,82.83,85.37,80.59,75.81,5.93,54.54,7.57,0.78,0.69,other,https://gu.qq.com/sh600548/gp
491,603799.SH,20220526,89.22,91.09,87.03,89.86,1.023,101759.46,89.33,95.6,84.28,72.96,13.43,53.72,17.19,0.78,0.52,other,https://gu.qq.com/sh600548/gp
492,603486.SH,20220526,97.06,98.86,93.84,96.51,-0.5154,19261.81,96.4,105.39,99.43,93.47,5.99,40.45,7.2,0.83,0.64,other,https://gu.qq.com/sh600548/gp
493,002460.SZ,20220526,120.98,124.28,118.06,121.2,1.8573,271901.51,121.18,125.7,111.16,96.62,13.08,57.56,15.34,0.85,0.79,other,https://gu.qq.com/sh600548/gp
494,605123.SH,20220526,103.11,114.0,102.23,109.25,4.7962,20186.31,108.49,117.98,105.54,93.09,11.79,51.0,15.73,0.75,1.28,other,https://gu.qq.com/sh600548/gp
495,605168.SH,20220526,121.42,122.61,118.05,122.18,1.6303,7826.0,120.95,125.11,117.32,109.53,6.64,43.44,8.24,0.81,0.67,other,https://gu.qq.com/sh600548/gp
496,600703.SH,20220526,20.02,20.22,19.6,19.89,-0.3008,425878.43,19.9,21.68,19.42,17.15,11.66,43.51,14.4,0.81,0.58,other,https://gu.qq.com/sh600548/gp
497,600763.SH,20220526,126.0,127.0,123.68,126.41,0.9745,22905.87,125.7,135.44,127.51,119.58,6.22,43.31,8.61,0.72,0.46,other,https://gu.qq.com/sh600548/gp
498,600882.SH,20220526,33.03,34.24,32.62,33.42,1.1807,46154.42,33.43,34.97,32.41,29.86,7.89,50.36,10.19,0.77,0.84,other,https://gu.qq.com/sh600548/gp
499,002036.SZ,20220526,12.42,12.57,11.8,12.37,-0.0808,313442.73,12.25,13.3,11.9,10.5,11.75,44.81,14.16,0.83,0.82,other,https://gu.qq.com/sh600548/gp
