1200,002737.SZ,002737,葵花药业,黑龙江,中成药,20141230
1201,002738.SZ,002738,中矿资源,北京,小金属,20141230
1202,002739.SZ,002739,万达电影,北京,影视音像,20150122
1203,002740.SZ,002740,爱迪尔,福建,服饰,20150122
1204,002741.SZ,002741,光华科技,广东,化工原料,20150216
1205,002742.SZ,002742,三圣股份,重庆,其他建材,20150217
1206,002743.SZ,002743,富煌钢构,安徽,钢加工,20150217
1207,002745.SZ,002745,木林森,广东,电气设备,20150217
1208,002746.SZ,002746,仙坛股份,山东,食品,20150216
1209,002747.SZ,002747,埃斯顿,江苏,机械基件,20150320
1210,002748.SZ,002748,世龙实业,江西,化工原料,20150319
1211,002749.SZ,002749,国光股份,四川,农药化肥,20150320
1212,002750.SZ,002750,龙津药业,云南,中成药,20150324
1213,002751.SZ,002751,易尚展示,深圳,家居用品,20150424
1214,002752.SZ,002752,昇兴股份,福建,广告包装,20150422
1215,002753.SZ,002753,永东股份,山西,化工原料,20150519
1216,002755.SZ,002755,奥赛康,北京,化学制药,20150515
1217,002756.SZ,002756,永兴材料,浙江,特种钢,20150515
1218,002757.SZ,002757,南兴股份,广东,专用机械,20150527
1219,002758.SZ,002758,浙农股份,浙江,汽车服务,20150527
1220,002759.SZ,002759,天际股份,广东,家用电器,20150528
1221,002760.SZ,002760,凤形股份,江西,机械基件,20150611
1222,002761.SZ,002761,浙江建投,浙江,建筑工程,20150610
1223,002762.SZ,002762,金发拉比,广东,服饰,20150610
1224,002763.SZ,002763,汇洁股份,深圳,服饰,20150610
1225,002765.SZ,002765,蓝黛科技,重庆,元器件,20150612
1227,002767.SZ,002767,先锋电子,浙江,电器仪表,20150612
1228,002768.SZ,002768,国恩股份,山东,塑料,20150630
1229,002769.SZ,002769,普路通,深圳,仓储物流,20150629
1231,002771.SZ,002771,真视通,北京,软件服务,20150629
1232,002772.SZ,002772,众兴菌业,甘肃,种植业,20150626
1233,002773.SZ,002773,康弘药业,四川,化学制药,20150626
1234,002774.SZ,002774,快意电梯,广东,运输设备,20170324
1235,002775.SZ,002775,文科园林,深圳,建筑工程,20150629
1237,002777.SZ,002777,久远银海,四川,软件服务,20151231
1238,002778.SZ,002778,中晟高科,江苏,石油加工,20160106
1239,002779.SZ,002779,中坚科技,浙江,农用机械,20151209
1240,002780.SZ,002780,三夫户外,北京,其他商业,20151209
1241,002781.SZ,002781,奇信股份,江西,装修装饰,20151222
1242,002782.SZ,002782,可立克,深圳,电气设备,20151222
1243,002783.SZ,002783,凯龙股份,湖北,化工原料,20151209
1244,002785.SZ,002785,万里石,福建,其他建材,20151223
1245,002786.SZ,002786,银宝山新,深圳,专用机械,20151223
1246,002787.SZ,002787,华源控股,江苏,广告包装,20151231
1247,002788.SZ,002788,鹭燕医药,福建,医药商业,20160218
1248,002789.SZ,002789,建艺集团,深圳,装修装饰,20160311
1249,002790.SZ,002790,瑞尔特,福建,家居用品,20160308
1250,002791.SZ,002791,坚朗五金,广东,其他建材,20160329
1251,002792.SZ,002792,通宇通讯,广东,通信设备,20160328
1252,002793.SZ,002793,罗欣药业,浙江,化学制药,20160415
1253,002795.SZ,002795,永和智控,浙江,机械基件,20160428
1254,002796.SZ,002796,世嘉科技,江苏,通信设备,20160510
1255,002797.SZ,002797,第一创业,深圳,证券,20160511
1256,002798.SZ,002798,帝欧家居,四川,家居用品,20160525
1257,002799.SZ,002799,环球印务,陕西,广告包装,20160608
1258,002800.SZ,002800,天顺股份,新疆,仓储物流,20160530
1259,002801.SZ,002801,微光股份,浙江,电气设备,20160622
1260,002802.SZ,002802,洪汇新材,江苏,化工原料,20160629
1261,002803.SZ,002803,吉宏股份,福建,互联网,20160712
1262,002805.SZ,002805,丰元股份,山东,化工原料,20160707
1263,002806.SZ,002806,华锋股份,广东,铝,20160726
1264,002807.SZ,002807,江阴银行,江苏,银行,20160902
1265,002808.SZ,002808,恒久科技,江苏,元器件,20160812
1266,002809.SZ,002809,红墙股份,广东,化工原料,20160823
1267,002810.SZ,002810,山东赫达,山东,化工原料,20160826
1268,002811.SZ,002811,郑中设计,深圳,装修装饰,20160908
1269,002812.SZ,002812,恩捷股份,云南,电气设备,20160914
1270,002813.SZ,002813,路畅科技,深圳,汽车配件,20161012
1271,002815.SZ,002815,崇达技术,深圳,元器件,20161012
1272,002816.SZ,002816,和科达,深圳,专用机械,20161025
1273,002817.SZ,002817,黄山胶囊,安徽,化学制药,20161025
1274,002818.SZ,002818,富森美,四川,其他商业,20161109
1275,002819.SZ,002819,东方中科,北京,电器仪表,20161111
1276,002820.SZ,002820,桂发祥,天津,食品,20161118
1277,002821.SZ,002821,凯莱英,天津,生物制药,20161118
1278,002822.SZ,002822,中装建设,深圳,装修装饰,20161129
1279,002823.SZ,002823,凯中精密,深圳,机械基件,20161124
1280,002824.SZ,002824,和胜股份,广东,铝,20170112
1281,002825.SZ,002825,纳尔股份,上海,化工原料,20161129
1282,002826.SZ,002826,易明医药,西藏,化学制药,20161209
1283,002827.SZ,002827,高争民爆,西藏,化工原料,20161209
1284,002828.SZ,002828,贝肯能源,新疆,石油开采,20161208
1285,002829.SZ,002829,星网宇达,北京,航空,20161213
1286,002830.SZ,002830,名雕股份,深圳,装修装饰,20161213
1287,002831.SZ,002831,裕同科技,深圳,广告包装,20161216
1288,002832.SZ,002832,比音勒芬,广东,服饰,20161223
1289,002833.SZ,002833,弘亚数控,广东,专用机械,20161228
1290,002835.SZ,002835,同为股份,深圳,元器件,20161228
1291,002836.SZ,002836,新宏泽,广东,广告包装,20161229
1292,002837.SZ,002837,英维克,深圳,专用机械,20161229
1293,002838.SZ,002838,道恩股份,山东,塑料,20170106
1294,002839.SZ,002839,张家港行,江苏,银行,20170124
1295,002840.SZ,002840,华统股份,浙江,食品,20170110
1296,002841.SZ,002841,视源股份,广东,元器件,20170119
1297,002842.SZ,002842,翔鹭钨业,广东,小金属,20170119
1298,002843.SZ,002843,泰嘉股份,湖南,钢加工,20170120
1299,002845.SZ,002845,同兴达,深圳,元器件,20170125
1300,002846.SZ,002846,英联股份,广东,广告包装,20170207
1301,002847.SZ,002847,盐津铺子,湖南,食品,20170208
1302,002848.SZ,002848,高斯贝尔,湖南,家用电器,20170213
1303,002849.SZ,002849,威星智能,浙江,电器仪表,20170217
1304,002850.SZ,002850,科达利,深圳,电气设备,20170302
1305,002851.SZ,002851,麦格米特,深圳,电气设备,20170306
1306,002852.SZ,002852,道道全,湖南,食品,20170310
1307,002853.SZ,002853,皮阿诺,广东,家居用品,20170310
1308,002855.SZ,002855,捷荣技术,广东,元器件,20170321
1309,002856.SZ,002856,美芝股份,深圳,装修装饰,20170320
1310,002857.SZ,002857,三晖电气,河南,电器仪表,20170323
1311,002858.SZ,002858,力盛赛车,上海,文教休闲,20170324
1312,002859.SZ,002859,洁美科技,浙江,元器件,20170407
1313,002860.SZ,002860,星帅尔,浙江,家用电器,20170412
1314,002861.SZ,002861,瀛通通讯,湖北,通信设备,20170413
1315,002862.SZ,002862,实丰文化,广东,文教休闲,20170411
1316,002863.SZ,002863,今飞凯达,浙江,汽车配件,20170418
1317,002864.SZ,002864,盘龙药业,陕西,中成药,20171116
1318,002865.SZ,002865,钧达股份,海南,汽车配件,20170425
1319,002866.SZ,002866,传艺科技,江苏,IT设备,20170426
1320,002867.SZ,002867,周大生,深圳,服饰,20170427
1321,002868.SZ,002868,绿康生化,福建,农业综合,20170503
1322,002869.SZ,002869,金溢科技,深圳,通信设备,20170515
1323,002870.SZ,002870,香山股份,广东,汽车配件,20170515
1324,002871.SZ,002871,伟隆股份,山东,机械基件,20170511
1326,002873.SZ,002873,新天药业,贵州,中成药,20170519
1327,002875.SZ,002875,安奈儿,深圳,服饰,20170601
1328,002876.SZ,002876,三利谱,深圳,元器件,20170525
1329,002877.SZ,002877,智能自控,江苏,电器仪表,20170605
1330,002878.SZ,002878,元隆雅图,北京,文教休闲,20170606
1331,002879.SZ,002879,长缆科技,湖南,电气设备,20170707
1332,002880.SZ,002880,卫光生物,深圳,生物制药,20170616
1333,002881.SZ,002881,美格智能,深圳,通信设备,20170622
1334,002882.SZ,002882,金龙羽,深圳,电气设备,20170717
1335,002883.SZ,002883,中设股份,江苏,建筑工程,20170620
1336,002884.SZ,002884,凌霄泵业,广东,专用机械,20170711
1337,002885.SZ,002885,京泉华,深圳,元器件,20170627
1338,002886.SZ,002886,沃特股份,深圳,塑料,20170627
1339,002887.SZ,002887,绿茵生态,天津,环境保护,20170801
1340,002888.SZ,002888,惠威科技,广东,元器件,20170721
1341,002889.SZ,002889,东方嘉盛,深圳,仓储物流,20170731
1342,002890.SZ,002890,弘宇股份,山东,农用机械,20170802
1343,002891.SZ,002891,中宠股份,山东,饲料,20170821
1344,002892.SZ,002892,科力尔,湖南,电气设备,20170817
1345,002893.SZ,002893,华通热力,北京,供气供热,20170915
1346,002895.SZ,002895,川恒股份,贵州,化工原料,20170825
1347,002896.SZ,002896,中大力德,浙江,机械基件,20170829
1348,002897.SZ,002897,意华股份,浙江,元器件,20170907
1349,002898.SZ,002898,赛隆药业,广东,化学制药,20170912
1350,002899.SZ,002899,英派斯,山东,文教休闲,20170915
1351,002900.SZ,002900,哈三联,黑龙江,化学制药,20170922
1352,002901.SZ,002901,大博医疗,福建,医疗保健,20170922
1353,002902.SZ,002902,铭普光磁,广东,元器件,20170929
1354,002903.SZ,002903,宇环数控,湖南,机床制造,20171013
1355,002905.SZ,002905,金逸影视,广东,影视音像,20171016
1356,002906.SZ,002906,华阳集团,广东,汽车配件,20171013
1357,002907.SZ,002907,华森制药,重庆,化学制药,20171020
1358,002908.SZ,002908,德生科技,广东,元器件,20171020
1359,002909.SZ,002909,集泰股份,广东,化工原料,20171026
1360,002910.SZ,002910,庄园牧场,甘肃,乳制品,20171031
1361,002911.SZ,002911,佛燃能源,广东,供气供热,20171122
1362,002912.SZ,002912,中新赛克,深圳,软件服务,20171121
1363,002913.SZ,002913,奥士康,湖南,元器件,20171201
1364,002915.SZ,002915,中欣氟材,浙江,化工原料,20171205
1365,002916.SZ,002916,深南电路,深圳,元器件,20171213
1366,002917.SZ,002917,金奥博,深圳,化工原料,20171208
1367,002918.SZ,002918,蒙娜丽莎,广东,其他建材,20171219
1368,002919.SZ,002919,名臣健康,广东,日用化工,20171218
1369,002920.SZ,002920,德赛西威,广东,汽车配件,20171226
1370,002921.SZ,002921,联诚精密,山东,汽车配件,20171227
1371,002922.SZ,002922,伊戈尔,广东,电气设备,20171229
1372,002923.SZ,002923,润都股份,广东,化学制药,20180105
1373,002925.SZ,002925,盈趣科技,福建,元器件,20180115
1374,002926.SZ,002926,华西证券,四川,证券,20180205
1375,002927.SZ,002927,泰永长征,贵州,电气设备,20180223
1376,002928.SZ,002928,华夏航空,贵州,空运,20180302
1377,002929.SZ,002929,润建股份,广西,通信设备,20180301
1378,002930.SZ,002930,宏川智慧,广东,仓储物流,20180328
1379,002931.SZ,002931,锋龙股份,浙江,汽车配件,20180403
1380,002932.SZ,002932,明德生物,湖北,医疗保健,20180710
1381,002933.SZ,002933,新兴装备,北京,航空,20180828
1382,002935.SZ,002935,天奥电子,四川,航空,20180903
1383,002936.SZ,002936,郑州银行,河南,银行,20180919
1384,002937.SZ,002937,兴瑞科技,浙江,元器件,20180926
1385,002938.SZ,002938,鹏鼎控股,深圳,元器件,20180918
1386,002939.SZ,002939,长城证券,深圳,证券,20181026
1387,002940.SZ,002940,昂利康,浙江,化学制药,20181023
1388,002941.SZ,002941,新疆交建,新疆,建筑工程,20181128
1389,002942.SZ,002942,新农股份,浙江,农药化肥,20181205
1390,002943.SZ,002943,宇晶股份,湖南,机床制造,20181129
1391,002945.SZ,002945,华林证券,西藏,证券,20190117
1392,002946.SZ,002946,新乳业,四川,乳制品,20190125
1393,002947.SZ,002947,恒铭达,江苏,元器件,20190201
1394,002948.SZ,002948,青岛银行,山东,银行,20190116
1395,002949.SZ,002949,华阳国际,深圳,建筑工程,20190226
1396,002950.SZ,002950,奥美医疗,湖北,医疗保健,20190311
1397,002951.SZ,002951,金时科技,四川,广告包装,20190315
1398,002952.SZ,002952,亚世光电,辽宁,元器件,20190328
1399,002953.SZ,002953,日丰股份,广东,电气设备,20190509
1400,002955.SZ,002955,鸿合科技,北京,IT设备,20190523
1401,002956.SZ,002956,西麦食品,广西,食品,20190619
1402,002957.SZ,002957,科瑞技术,深圳,专用机械,20190726
1403,002958.SZ,002958,青农商行,山东,银行,20190326
1404,002959.SZ,002959,小熊电器,广东,家用电器,20190823
1405,002960.SZ,002960,青鸟消防,河北,专用机械,20190809
1406,002961.SZ,002961,瑞达期货,福建,多元金融,20190905
1407,002962.SZ,002962,五方光电,湖北,元器件,20190917
1408,002963.SZ,002963,豪尔赛,北京,装修装饰,20191028
1409,002965.SZ,002965,祥鑫科技,广东,汽车配件,20191025
1410,002966.SZ,002966,苏州银行,江苏,银行,20190802
1411,002967.SZ,002967,广电计量,广东,综合类,20191108
1412,002968.SZ,002968,新大正,重庆,房产服务,20191203
1413,002969.SZ,002969,嘉美包装,安徽,广告包装,20191202
1414,002970.SZ,002970,锐明技术,深圳,通信设备,20191217
1415,002971.SZ,002971,和远气体,湖北,化工原料,20200113
1416,002972.SZ,002972,科安达,深圳,运输设备,20191227
1417,002973.SZ,002973,侨银股份,广东,环境保护,20200106
1418,002975.SZ,002975,博杰股份,广东,专用机械,20200205
1419,002976.SZ,002976,瑞玛精密,江苏,汽车配件,20200306
1420,002977.SZ,002977,天箭科技,四川,通信设备,20200317
1421,002978.SZ,002978,安宁股份,四川,小金属,20200417
1422,002979.SZ,002979,雷赛智能,深圳,专用机械,20200408
1423,002980.SZ,002980,华盛昌,深圳,电器仪表,20200415
1424,002981.SZ,002981,朝阳科技,广东,元器件,20200417
1425,002982.SZ,002982,湘佳股份,湖南,农业综合,20200424
1426,002983.SZ,002983,芯瑞达,安徽,元器件,20200428
1427,002984.SZ,002984,森麒麟,山东,汽车配件,20200911
1428,002985.SZ,002985,北摩高科,北京,航空,20200429
1429,002986.SZ,002986,宇新股份,湖南,化工原料,20200602
1430,002987.SZ,002987,京北方,北京,软件服务,20200507
1431,002988.SZ,002988,豪美新材,广东,铝,20200518
1432,002989.SZ,002989,中天精装,深圳,装修装饰,20200610
1433,002990.SZ,002990,盛视科技,深圳,软件服务,20200525
1434,002991.SZ,002991,甘源食品,江西,食品,20200731
1435,002992.SZ,002992,宝明科技,深圳,元器件,20200803
1436,002993.SZ,002993,奥海科技,广东,元器件,20200817
1437,002995.SZ,002995,天地在线,北京,互联网,20200805
1438,002996.SZ,002996,顺博合金,重庆,铝,20200828
1439,002997.SZ,002997,瑞鹄模具,安徽,专用机械,20200903
1440,002998.SZ,002998,优彩资源,江苏,化纤,20200925
1441,002999.SZ,002999,天禾股份,广东,批发业,20200903
1442,003000.SZ,003000,劲仔食品,湖南,食品,20200914
1443,003001.SZ,003001,中岩大地,北京,建筑工程,20201013
1444,003002.SZ,003002,壶化股份,山西,化工原料,20200922
1445,003003.SZ,003003,天元股份,广东,广告包装,20200921
1446,003004.SZ,003004,声迅股份,北京,软件服务,20201126
1447,003005.SZ,003005,竞业达,北京,软件服务,20200922
1448,003006.SZ,003006,百亚股份,重庆,造纸,20200921
1449,003007.SZ,003007,直真科技,北京,软件服务,20200923
1450,003008.SZ,003008,开普检测,河南,电气设备,20200923
1451,003009.SZ,003009,中天火箭,陕西,航空,20200925
1452,003010.SZ,003010,若羽臣,广东,互联网,20200925
1453,003011.SZ,003011,海象新材,浙江,家居用品,20200930
1454,003012.SZ,003012,东鹏控股,广东,陶瓷,20201019
1455,003013.SZ,003013,地铁设计,广东,建筑工程,20201022
1456,003015.SZ,003015,日久光电,江苏,元器件,20201021
1457,003016.SZ,003016,欣贺股份,福建,服饰,20201026
1458,003017.SZ,003017,大洋生物,浙江,化工原料,20201026
1459,003018.SZ,003018,金富科技,广东,塑料,20201106
1460,003019.SZ,003019,宸展光电,福建,元器件,20201117
1461,003020.SZ,003020,立方制药,安徽,化学制药,20201215
1462,003021.SZ,003021,兆威机电,深圳,元器件,20201204
1463,003022.SZ,003022,联泓新科,山东,化工原料,20201208
1464,003023.SZ,003023,彩虹集团,四川,家用电器,20201211
1465,003025.SZ,003025,思进智能,浙江,机械基件,20201211
1466,003026.SZ,003026,中晶科技,浙江,半导体,20201218
1467,003027.SZ,003027,同兴环保,安徽,环境保护,20201218
1468,003028.SZ,003028,振邦智能,深圳,元器件,20201228
1469,003029.SZ,003029,吉大正元,吉林,软件服务,20201224
1470,003030.SZ,003030,祖名股份,浙江,食品,20210106
1471,003031.SZ,003031,中瓷电子,河北,元器件,20210104
1472,003032.SZ,003032,传智教育,江苏,文教休闲,20210112
1473,003033.SZ,003033,征和工业,山东,机械基件,20210111
1474,003035.SZ,003035,南网能源,广东,新型电力,20210119
1475,003036.SZ,003036,泰坦股份,浙江,纺织机械,20210128
1476,003037.SZ,003037,三和管桩,广东,水泥,20210204
1477,003038.SZ,003038,鑫铂股份,安徽,铝,20210210
1478,003039.SZ,003039,顺控发展,广东,水务,20210308
1479,003040.SZ,003040,楚天龙,广东,元器件,20210322
1480,003041.SZ,003041,真爱美家,浙江,纺织,20210406
1481,003042.SZ,003042,中农联合,山东,农药化肥,20210406
1482,003043.SZ,003043,华亚智能,江苏,专用机械,20210406
1483,003816.SZ,003816,中国广核,深圳,新型电力,20190826
2620,600000.SH,600000,浦发银行,上海,银行,19991110
2621,600004.SH,600004,白云机场,广东,机场,20030428
2622,600006.SH,600006,东风汽车,湖北,汽车整车,19990727
2623,600007.SH,600007,中国国贸,北京,园区开发,19990312
2624,600008.SH,600008,首创环保,北京,环境保护,20000427
2625,600009.SH,600009,上海机场,上海,机场,19980218
2626,600010.SH,600010,包钢股份,内蒙,普钢,20010309
2627,600011.SH,600011,华能国际,北京,火力发电,20011206
2628,600012.SH,600012,皖通高速,安徽,路桥,20030107
2629,600015.SH,600015,华夏银行,北京,银行,20030912
2630,600016.SH,600016,民生银行,北京,银行,20001219
2631,600017.SH,600017,日照港,山东,港口,20061017
2632,600018.SH,600018,上港集团,上海,港口,20061026
2633,600019.SH,600019,宝钢股份,上海,普钢,20001212
2634,600020.SH,600020,中原高速,河南,路桥,20030808
2635,600021.SH,600021,上海电力,上海,火力发电,20031029
2636,600022.SH,600022,山东钢铁,山东,普钢,20040629
2637,600023.SH,600023,浙能电力,浙江,火力发电,20131219
2638,600025.SH,600025,华能水电,云南,水力发电,20171215
2639,600026.SH,600026,中远海能,上海,水运,20020523
2640,600027.SH,600027,华电国际,山东,火力发电,20050203
2641,600028.SH,600028,中国石化,北京,石油加工,20010808
2642,600029.SH,600029,南方航空,广东,空运,20030725
2643,600030.SH,600030,中信证券,深圳,证券,20030106
2644,600031.SH,600031,三一重工,北京,工程机械,20030703
2645,600032.SH,600032,浙江新能,浙江,新型电力,20210525
2646,600033.SH,600033,福建高速,福建,路桥,20010209
2647,600035.SH,600035,楚天高速,湖北,路桥,20040310
2648,600036.SH,600036,招商银行,深圳,银行,20020409
2649,600037.SH,600037,歌华有线,北京,影视音像,20010208
2650,600038.SH,600038,中直股份,黑龙江,航空,20001218
2651,600039.SH,600039,四川路桥,四川,建筑工程,20030325
2652,600048.SH,600048,保利发展,广东,全国地产,20060731
2653,600050.SH,600050,中国联通,北京,电信运营,20021009
2654,600051.SH,600051,宁波联合,浙江,综合类,19970410
2655,600052.SH,600052,东望时代,浙江,影视音像,19970415
2656,600053.SH,600053,九鼎投资,江西,多元金融,19970418
2657,600054.SH,600054,黄山旅游,安徽,旅游景点,19970506
2658,600055.SH,600055,万东医疗,北京,医疗保健,19970519
2659,600056.SH,600056,中国医药,北京,医药商业,19970515
2660,600057.SH,600057,厦门象屿,福建,仓储物流,19970604
2661,600058.SH,600058,五矿发展,北京,商贸代理,19970528
2662,600059.SH,600059,古越龙山,浙江,红黄酒,19970516
2663,600060.SH,600060,海信视像,山东,家用电器,19970422
2664,600061.SH,600061,国投资本,上海,证券,19970519
2665,600062.SH,600062,华润双鹤,北京,化学制药,19970522
2666,600063.SH,600063,皖维高新,安徽,化纤,19970528
2667,600064.SH,600064,南京高科,江苏,园区开发,19970506
2668,600066.SH,600066,宇通客车,河南,汽车整车,19970508
2669,600067.SH,600067,冠城大通,福建,全国地产,19970508
2670,600070.SH,600070,浙江富润,浙江,互联网,19970604
2671,600071.SH,600071,凤凰光学,江西,元器件,19970528
2672,600072.SH,600072,中船科技,上海,船舶,19970603
2673,600073.SH,600073,上海梅林,上海,食品,19970704
2674,600075.SH,600075,新疆天业,新疆,化工原料,19970617
2675,600076.SH,600076,康欣新材,山东,其他建材,19970526
2676,600077.SH,600077,宋都股份,浙江,全国地产,19970520
2678,600079.SH,600079,人福医药,湖北,化学制药,19970606
2679,600080.SH,600080,金花股份,陕西,中成药,19970612
2680,600081.SH,600081,东风科技,上海,汽车配件,19970703
2681,600082.SH,600082,海泰发展,天津,园区开发,19970620
2684,600085.SH,600085,同仁堂,北京,中成药,19970625
2685,600088.SH,600088,中视传媒,上海,影视音像,19970616
2686,600089.SH,600089,特变电工,新疆,电气设备,19970618
2690,600094.SH,600094,大名城,上海,区域地产,19970703
2691,600095.SH,600095,湘财股份,黑龙江,证券,19970708
2692,600096.SH,600096,云天化,云南,农药化肥,19970709
2693,600097.SH,600097,开创国际,上海,渔业,19970619
2694,600098.SH,600098,广州发展,广东,火力发电,19970718
2695,600099.SH,600099,林海股份,江苏,汽车整车,19970704
2696,600100.SH,600100,同方股份,北京,IT设备,19970627
2697,600101.SH,600101,明星电力,四川,水力发电,19970627
2698,600103.SH,600103,青山纸业,福建,造纸,19970703
2699,600104.SH,600104,上汽集团,上海,汽车整车,19971125
2700,600105.SH,600105,永鼎股份,江苏,通信设备,19970929
2701,600106.SH,600106,重庆路桥,重庆,路桥,19970618
2702,600107.SH,600107,美尔雅,湖北,服饰,19971106
2703,600108.SH,600108,亚盛集团,甘肃,种植业,19970818
2704,600109.SH,600109,国金证券,四川,证券,19970807
2705,600110.SH,600110,诺德股份,吉林,电气设备,19971007
2706,600111.SH,600111,北方稀土,内蒙,小金属,19970924
2708,600113.SH,600113,浙江东日,浙江,区域地产,19971021
2709,600114.SH,600114,东睦股份,浙江,机械基件,20040511
2710,600115.SH,600115,中国东航,上海,空运,19971105
2711,600116.SH,600116,三峡水利,重庆,水力发电,19970804
2712,600117.SH,600117,西宁特钢,青海,特种钢,19971015
2713,600118.SH,600118,中国卫星,北京,航空,19970908
2714,600119.SH,600119,长江投资,上海,仓储物流,19980115
2715,600120.SH,600120,浙江东方,浙江,多元金融,19971201
2716,600121.SH,600121,郑州煤电,河南,煤炭开采,19980107
2718,600123.SH,600123,兰花科创,山西,煤炭开采,19981217
2719,600125.SH,600125,铁龙物流,辽宁,铁路,19980511
2720,600126.SH,600126,杭钢股份,浙江,普钢,19980311
2721,600127.SH,600127,金健米业,湖南,农业综合,19980506
2722,600128.SH,600128,弘业股份,江苏,商贸代理,19970901
2723,600129.SH,600129,太极集团,重庆,中成药,19971118
2724,600130.SH,600130,波导股份,浙江,通信设备,20000706
2725,600131.SH,600131,国网信通,四川,通信设备,19980402
2726,600132.SH,600132,重庆啤酒,重庆,啤酒,19971030
2727,600133.SH,600133,东湖高新,湖北,园区开发,19980212
2728,600135.SH,600135,乐凯胶片,河北,化工原料,19980122
2729,600136.SH,600136,当代文体,湖北,影视音像,19980303
2730,600137.SH,600137,浪莎股份,四川,服饰,19980416
2731,600138.SH,600138,中青旅,北京,旅游服务,19971203
2733,600141.SH,600141,兴发集团,湖北,化工原料,19990616
2734,600143.SH,600143,金发科技,广东,塑料,20040623
2735,600145.SH,600145,退新亿,,,19990923
2737,600148.SH,600148,长春一东,吉林,汽车配件,19980520
2738,600149.SH,600149,廊坊发展,河北,综合类,19991014
2739,600150.SH,600150,中国船舶,上海,船舶,19980520
2740,600151.SH,600151,航天机电,上海,汽车配件,19980605
2741,600152.SH,600152,维科技术,浙江,电气设备,19980609
2742,600153.SH,600153,建发股份,福建,仓储物流,19980616
2743,600155.SH,600155,华创阳安,北京,证券,19980918
2744,600156.SH,600156,华升股份,湖南,纺织,19980527
2745,600157.SH,600157,永泰能源,山西,火力发电,19980513
2746,600158.SH,600158,中体产业,天津,文教休闲,19980327
2747,600159.SH,600159,大龙地产,北京,区域地产,19980526
2748,600160.SH,600160,巨化股份,浙江,化工原料,19980626
2749,600161.SH,600161,天坛生物,北京,生物制药,19980616
2750,600162.SH,600162,香江控股,深圳,全国地产,19980609
2751,600163.SH,600163,中闽能源,福建,新型电力,19980602
2752,600165.SH,600165,新日恒力,宁夏,化工原料,19980529
2753,600166.SH,600166,福田汽车,北京,汽车整车,19980602
2754,600167.SH,600167,联美控股,辽宁,供气供热,19990128
2755,600168.SH,600168,武汉控股,湖北,水务,19980427
2756,600169.SH,600169,太原重工,山西,工程机械,19980904
2757,600170.SH,600170,上海建工,上海,建筑工程,19980623
2758,600171.SH,600171,上海贝岭,上海,半导体,19980924
2759,600172.SH,600172,黄河旋风,河南,矿物制品,19981126
2760,600173.SH,600173,卧龙地产,浙江,全国地产,19990415
2761,600176.SH,600176,中国巨石,浙江,玻璃,19990422
2762,600177.SH,600177,雅戈尔,浙江,服饰,19981119
2763,600178.SH,600178,东安动力,黑龙江,汽车配件,19981014
2764,600179.SH,600179,安通控股,黑龙江,仓储物流,19981104
2765,600180.SH,600180,瑞茂通,山东,仓储物流,19980703
2767,600183.SH,600183,生益科技,广东,元器件,19981028
2768,600184.SH,600184,光电股份,湖北,专用机械,20031106
2769,600185.SH,600185,格力地产,广东,区域地产,19990611
2770,600186.SH,600186,莲花健康,河南,食品,19980825
2771,600187.SH,600187,国中水务,黑龙江,水务,19981111
2772,600188.SH,600188,兖矿能源,山东,煤炭开采,19980701
2773,600189.SH,600189,泉阳泉,吉林,软饮料,19981007
2774,600190.SH,600190,锦州港,辽宁,港口,19990609
2776,600192.SH,600192,长城电工,甘肃,电气设备,19981224
2777,600193.SH,600193,创兴资源,上海,装修装饰,19990527
2778,600195.SH,600195,中牧股份,北京,农业综合,19990107
2779,600196.SH,600196,复星医药,上海,化学制药,19980807
2780,600197.SH,600197,伊力特,新疆,白酒,19990916
2782,600199.SH,600199,金种子酒,安徽,白酒,19980812
2783,600200.SH,600200,江苏吴中,江苏,化学制药,19990401
2784,600201.SH,600201,生物股份,内蒙,农业综合,19990115
2785,600202.SH,600202,哈空调,黑龙江,电气设备,19990603
2786,600203.SH,600203,福日电子,福建,元器件,19990514
2787,600206.SH,600206,有研新材,北京,半导体,19990319
2788,600207.SH,600207,安彩高科,河南,供气供热,19990714
2789,600208.SH,600208,新湖中宝,浙江,全国地产,19990623
2791,600210.SH,600210,紫江企业,上海,广告包装,19990824
2792,600211.SH,600211,西藏药业,西藏,中成药,19990721
2793,600212.SH,600212,江泉实业,山东,综合类,19990817
2794,600213.SH,600213,亚星客车,江苏,汽车整车,19990831
2795,600215.SH,600215,派斯林,吉林,园区开发,19990909
2796,600216.SH,600216,浙江医药,浙江,化学制药,19991021
2797,600217.SH,600217,中再资环,陕西,环境保护,19991216
2798,600218.SH,600218,全柴动力,安徽,农用机械,19981203
2799,600219.SH,600219,南山铝业,山东,铝,19991223
2800,600220.SH,600220,江苏阳光,江苏,纺织,19990927
2802,600222.SH,600222,太龙药业,河南,中成药,19991105
2803,600223.SH,600223,鲁商发展,山东,区域地产,20000113
2806,600227.SH,600227,圣济堂,贵州,化学制药,20000221
2807,600228.SH,600228,返利科技,江西,互联网,19990119
2808,600229.SH,600229,城市传媒,山东,出版业,20000309
2809,600230.SH,600230,沧州大化,河北,农药化肥,20000406
2810,600231.SH,600231,凌钢股份,辽宁,普钢,20000511
2811,600232.SH,600232,金鹰股份,浙江,纺织,20000602
2812,600233.SH,600233,圆通速递,辽宁,仓储物流,20000608
2813,600234.SH,600234,科新发展,山西,综合类,20000615
2814,600235.SH,600235,民丰特纸,浙江,造纸,20000615
2815,600236.SH,600236,桂冠电力,广西,水力发电,20000323
2816,600237.SH,600237,铜峰电子,安徽,元器件,20000609
2817,600238.SH,600238,海南椰岛,海南,红黄酒,20000120
2821,600243.SH,600243,青海华鼎,青海,机床制造,20001120
2822,600246.SH,600246,万通发展,北京,区域地产,20000922
2823,600248.SH,600248,陕西建工,陕西,建筑工程,20000622
2824,600249.SH,600249,两面针,广西,日用化工,20040130
2825,600250.SH,600250,南纺股份,江苏,商贸代理,20010306
2826,600251.SH,600251,冠农股份,新疆,农业综合,20030609
2827,600252.SH,600252,中恒集团,广西,中成药,20001130
2828,600255.SH,600255,鑫科材料,安徽,小金属,20001122
2829,600256.SH,600256,广汇能源,新疆,石油开采,20000526
2830,600257.SH,600257,大湖股份,湖南,渔业,20000612
2831,600258.SH,600258,首旅酒店,北京,酒店餐饮,20000601
2832,600259.SH,600259,广晟有色,海南,小金属,20000525
2834,600261.SH,600261,阳光照明,浙江,家用电器,20000720
2835,600262.SH,600262,北方股份,内蒙,汽车整车,20000630
2837,600266.SH,600266,城建发展,北京,区域地产,19990203
2838,600267.SH,600267,海正药业,浙江,化学制药,20000725
2839,600268.SH,600268,国电南自,江苏,电气设备,19991118
2840,600269.SH,600269,赣粤高速,江西,路桥,20000518
2841,600271.SH,600271,航天信息,北京,IT设备,20030711
2842,600272.SH,600272,开开实业,上海,医药商业,20010228
2843,600273.SH,600273,嘉化能源,浙江,化工原料,20030627
2845,600276.SH,600276,恒瑞医药,江苏,化学制药,20001018
2846,600277.SH,600277,亿利洁能,内蒙,化工原料,20000725
2847,600278.SH,600278,东方创业,上海,商贸代理,20000712
2848,600279.SH,600279,重庆港,重庆,港口,20000731
2849,600280.SH,600280,中央商场,江苏,百货,20000926
2850,600281.SH,600281,华阳新材,山西,综合类,20001109
2851,600282.SH,600282,南钢股份,江苏,普钢,20000919
2852,600283.SH,600283,钱江水利,浙江,水务,20001018
2853,600284.SH,600284,浦东建设,上海,建筑工程,20040316
2854,600285.SH,600285,羚锐制药,河南,中成药,20001018
2855,600287.SH,600287,江苏舜天,江苏,商贸代理,20000901
2856,600288.SH,600288,大恒科技,北京,软件服务,20001129
2860,600292.SH,600292,远达环保,重庆,环境保护,20001101
2861,600293.SH,600293,三峡新材,湖北,玻璃,20000919
2862,600295.SH,600295,鄂尔多斯,内蒙,特种钢,20010426
2863,600297.SH,600297,广汇汽车,辽宁,汽车服务,20001116
2864,600298.SH,600298,安琪酵母,湖北,食品,20000818
2865,600299.SH,600299,安迪苏,北京,化学制药,20000420
2868,600302.SH,600302,标准股份,陕西,纺织机械,20001213
2869,600303.SH,600303,曙光股份,辽宁,汽车整车,20001226
2870,600305.SH,600305,恒顺醋业,江苏,食品,20010206
2872,600307.SH,600307,酒钢宏兴,甘肃,普钢,20001220
2873,600308.SH,600308,华泰股份,山东,造纸,20000928
2874,600309.SH,600309,万华化学,山东,化工原料,20010105
2875,600310.SH,600310,桂东电力,广西,水力发电,20010228
2877,600312.SH,600312,平高电气,河南,电气设备,20010221
2878,600313.SH,600313,农发种业,北京,种植业,20010119
2879,600315.SH,600315,上海家化,上海,日用化工,20010315
2880,600316.SH,600316,洪都航空,江西,航空,20001215
2881,600318.SH,600318,新力金融,安徽,多元金融,20001208
2883,600320.SH,600320,振华重工,上海,工程机械,20001221
2884,600321.SH,600321,正源股份,四川,其他建材,20010524
2885,600322.SH,600322,天房发展,天津,区域地产,20010910
2886,600323.SH,600323,瀚蓝环境,广东,环境保护,20001225
2887,600325.SH,600325,华发股份,广东,区域地产,20040225
2888,600326.SH,600326,西藏天路,西藏,水泥,20010116
2889,600327.SH,600327,大东方,江苏,汽车服务,20020625
2890,600328.SH,600328,中盐化工,内蒙,化工原料,20001222
2891,600329.SH,600329,中新药业,天津,中成药,20010606
2892,600330.SH,600330,天通股份,浙江,元器件,20010118
2893,600331.SH,600331,宏达股份,四川,铅锌,20011220
2894,600332.SH,600332,白云山,广东,中成药,20010206
2895,600333.SH,600333,长春燃气,吉林,供气供热,20001211
2896,600335.SH,600335,国机汽车,天津,汽车配件,20010305
2897,600336.SH,600336,澳柯玛,山东,家用电器,20001229
2898,600337.SH,600337,美克家居,江西,家居用品,20001127
2899,600338.SH,600338,西藏珠峰,西藏,铅锌,20001227
2900,600339.SH,600339,中油工程,新疆,石油加工,20001225
2901,600340.SH,600340,华夏幸福,河北,区域地产,20031230
2902,600343.SH,600343,航天动力,陕西,航空,20030408
2903,600345.SH,600345,长江通信,湖北,通信设备,20001222
2904,600346.SH,600346,恒力石化,辽宁,化纤,20010820
2905,600348.SH,600348,华阳股份,山西,煤炭开采,20030821
2906,600350.SH,600350,山东高速,山东,路桥,20020318
2907,600351.SH,600351,亚宝药业,山西,中成药,20020926
2908,600352.SH,600352,浙江龙盛,浙江,染料涂料,20030801
2909,600353.SH,600353,旭光电子,四川,元器件,20021120
2910,600354.SH,600354,敦煌种业,甘肃,种植业,20040115
2911,600355.SH,600355,精伦电子,湖北,元器件,20020613
2912,600356.SH,600356,恒丰纸业,黑龙江,造纸,20010419
2913,600358.SH,600358,国旅联合,江苏,旅游服务,20000922
2914,600359.SH,600359,新农开发,新疆,农业综合,19990429
2915,600360.SH,600360,华微电子,吉林,半导体,20010316
2916,600361.SH,600361,华联综超,北京,超市连锁,20011129
2917,600362.SH,600362,江西铜业,江西,铜,20020111
2918,600363.SH,600363,联创光电,江西,元器件,20010329
2920,600366.SH,600366,宁波韵升,浙江,矿物制品,20001030
2921,600367.SH,600367,红星发展,贵州,化工原料,20010320
2922,600368.SH,600368,五洲交通,广西,路桥,20001221
2923,600369.SH,600369,西南证券,重庆,证券,20010109
2924,600370.SH,600370,三房巷,江苏,化工原料,20030306
2925,600371.SH,600371,万向德农,黑龙江,种植业,20020916
2926,600372.SH,600372,中航电子,北京,航空,20010706
2927,600373.SH,600373,中文传媒,江西,出版业,20020304
2928,600375.SH,600375,汉马科技,安徽,汽车整车,20030401
2929,600376.SH,600376,首开股份,北京,区域地产,20010312
2930,600377.SH,600377,宁沪高速,江苏,路桥,20010116
2931,600378.SH,600378,昊华科技,四川,化工原料,20010111
2932,600379.SH,600379,宝光股份,陕西,电气设备,20020116
2933,600380.SH,600380,健康元,深圳,化学制药,20010608
2934,600381.SH,600381,青海春天,青海,医疗保健,20010508
2936,600383.SH,600383,金地集团,深圳,全国地产,20010412
2938,600386.SH,600386,北巴传媒,北京,汽车服务,20010216
2940,600388.SH,600388,龙净环保,福建,环境保护,20001229
2941,600389.SH,600389,江山股份,江苏,农药化肥,20010110
2942,600390.SH,600390,五矿资本,湖南,多元金融,20010115
2943,600391.SH,600391,航发科技,四川,航空,20011212
2944,600392.SH,600392,盛和资源,四川,小金属,20030529
2946,600395.SH,600395,盘江股份,贵州,煤炭开采,20010531
2947,600396.SH,600396,金山股份,辽宁,火力发电,20010328
2948,600397.SH,600397,安源煤业,江西,煤炭开采,20020702
2949,600398.SH,600398,海澜之家,江苏,服饰,20001228
2950,600399.SH,600399,抚顺特钢,辽宁,特种钢,20001229
2951,600400.SH,600400,红豆股份,江苏,服饰,20010108
2953,600405.SH,600405,动力源,北京,电气设备,20040401
2954,600406.SH,600406,国电南瑞,江苏,电气设备,20031016
2956,600409.SH,600409,三友化工,河北,化工原料,20030618
2957,600410.SH,600410,华胜天成,北京,软件服务,20040427
2958,600415.SH,600415,小商品城,浙江,商品城,20020509
2959,600416.SH,600416,湘电股份,湖南,电气设备,20020718
2960,600418.SH,600418,江淮汽车,安徽,汽车整车,20010824
2961,600419.SH,600419,天润乳业,新疆,乳制品,20010628
2962,600420.SH,600420,国药现代,上海,化学制药,20040616
2963,600421.SH,600421,华嵘控股,湖北,综合类,20040607
2964,600422.SH,600422,昆药集团,云南,中成药,20001206
2965,600423.SH,600423,柳化股份,广西,农药化肥,20030717
2966,600425.SH,600425,青松建化,新疆,水泥,20030724
2967,600426.SH,600426,华鲁恒升,山东,农药化肥,20020620
2968,600428.SH,600428,中远海特,广东,水运,20020418
2969,600429.SH,600429,三元股份,北京,乳制品,20030915
2970,600433.SH,600433,冠豪高新,广东,造纸,20030619
2971,600435.SH,600435,北方导航,北京,专用机械,20030704
2972,600436.SH,600436,片仔癀,福建,中成药,20030616
2973,600438.SH,600438,通威股份,四川,电气设备,20040302
2974,600439.SH,600439,瑞贝卡,河南,服饰,20030710
2975,600444.SH,600444,国机通用,安徽,专用机械,20040219
2976,600446.SH,600446,金证股份,深圳,软件服务,20031224
2977,600448.SH,600448,华纺股份,山东,纺织,20010903
2978,600449.SH,600449,宁夏建材,宁夏,水泥,20030829
2979,600452.SH,600452,涪陵电力,重庆,水力发电,20040303
2980,600455.SH,600455,博通股份,陕西,文教休闲,20040329
2981,600456.SH,600456,宝钛股份,陕西,小金属,20020412
2982,600458.SH,600458,时代新材,湖南,塑料,20021219
2983,600459.SH,600459,贵研铂业,云南,小金属,20030516
2984,600460.SH,600460,士兰微,浙江,半导体,20030311
2985,600461.SH,600461,洪城环境,江西,水务,20040601
2987,600463.SH,600463,空港股份,北京,园区开发,20040318
2988,600466.SH,600466,蓝光发展,四川,区域地产,20010212
2989,600467.SH,600467,好当家,山东,渔业,20040405
2990,600468.SH,600468,百利电气,天津,电气设备,20010615
2991,600469.SH,600469,风神股份,河南,汽车配件,20031021
2992,600470.SH,600470,六国化工,安徽,农药化肥,20040305
2993,600475.SH,600475,华光环能,江苏,环境保护,20030721
2994,600476.SH,600476,湘邮科技,湖南,软件服务,20031210
2995,600477.SH,600477,杭萧钢构,浙江,钢加工,20031110
2996,600478.SH,600478,科力远,湖南,元器件,20030918
2997,600479.SH,600479,千金药业,湖南,中成药,20040312
2998,600480.SH,600480,凌云股份,河北,汽车配件,20030815
2999,600481.SH,600481,双良节能,江苏,机械基件,20030422
3000,600482.SH,600482,中国动力,河北,船舶,20040714
3001,600483.SH,600483,福能股份,福建,火力发电,20040531
3002,600486.SH,600486,扬农化工,江苏,农药化肥,20020425
3003,600487.SH,600487,亨通光电,江苏,通信设备,20030822
3004,600488.SH,600488,天药股份,天津,化学制药,20010618
3005,600489.SH,600489,中金黄金,北京,黄金,20030814
3006,600490.SH,600490,鹏欣资源,上海,铜,20030626
3007,600491.SH,600491,龙元建设,浙江,建筑工程,20040524
3008,600493.SH,600493,凤竹纺织,福建,纺织,20040421
3009,600495.SH,600495,晋西车轴,山西,运输设备,20040526
3010,600496.SH,600496,精工钢构,安徽,钢加工,20020605
3011,600497.SH,600497,驰宏锌锗,云南,铅锌,20040420
3012,600498.SH,600498,烽火通信,湖北,通信设备,20010823
3013,600499.SH,600499,科达制造,广东,专用机械,20021010
3014,600500.SH,600500,中化国际,上海,塑料,20000301
3015,600501.SH,600501,航天晨光,江苏,汽车配件,20010615
3016,600502.SH,600502,安徽建工,安徽,建筑工程,20030415
3017,600503.SH,600503,华丽家族,上海,区域地产,20020709
3018,600505.SH,600505,西昌电力,四川,水力发电,20020530
3020,600507.SH,600507,方大特钢,江西,特种钢,20030930
3021,600508.SH,600508,上海能源,上海,煤炭开采,20010829
3022,600509.SH,600509,天富能源,新疆,火力发电,20020228
3023,600510.SH,600510,黑牡丹,江苏,全国地产,20020618
3024,600511.SH,600511,国药股份,北京,医药商业,20021127
3025,600512.SH,600512,腾达建设,浙江,建筑工程,20021226
3026,600513.SH,600513,联环药业,江苏,化学制药,20030319
3028,600516.SH,600516,方大炭素,甘肃,矿物制品,20020830
3029,600517.SH,600517,国网英大,上海,多元金融,20031010
3031,600519.SH,600519,贵州茅台,贵州,白酒,20010827
3032,600520.SH,600520,文一科技,安徽,机械基件,20020108
3033,600521.SH,600521,华海药业,浙江,化学制药,20030304
3034,600522.SH,600522,中天科技,江苏,通信设备,20021024
3035,600523.SH,600523,贵航股份,贵州,汽车配件,20011227
3036,600525.SH,600525,长园集团,深圳,电气设备,20021202
3037,600526.SH,600526,菲达环保,浙江,环境保护,20020722
3038,600527.SH,600527,江南高纤,江苏,化纤,20031127
3039,600528.SH,600528,中铁工业,北京,运输设备,20010528
3040,600529.SH,600529,山东药玻,山东,医疗保健,20020603
3041,600530.SH,600530,交大昂立,上海,医疗保健,20010702
3042,600531.SH,600531,豫光金铅,河南,铅锌,20020730
3043,600532.SH,600532,未来股份,上海,医疗保健,20021031
3044,600533.SH,600533,栖霞建设,江苏,区域地产,20020328
3045,600535.SH,600535,天士力,天津,中成药,20020823
3046,600536.SH,600536,中国软件,北京,软件服务,20020517
3047,600537.SH,600537,亿晶光电,浙江,电气设备,20030123
3048,600538.SH,600538,国发股份,广西,医药商业,20030114
3049,600539.SH,600539,狮头股份,山西,互联网,20010824
3050,600540.SH,600540,新赛股份,新疆,种植业,20040107
3051,600543.SH,600543,莫高股份,甘肃,红黄酒,20040324
3052,600545.SH,600545,卓郎智能,新疆,纺织机械,20031203
3053,600546.SH,600546,山煤国际,山西,煤炭开采,20030731
3054,600547.SH,600547,山东黄金,山东,黄金,20030828
3055,600548.SH,600548,深高速,深圳,路桥,20011225
3056,600549.SH,600549,厦门钨业,福建,小金属,20021107
3057,600550.SH,600550,保变电气,河北,电气设备,20010228
3058,600551.SH,600551,时代出版,安徽,出版业,20020905
3059,600552.SH,600552,凯盛科技,安徽,玻璃,20021108
3061,600556.SH,600556,天下秀,广西,互联网,20010807
3062,600557.SH,600557,康缘药业,江苏,中成药,20020918
3063,600558.SH,600558,大西洋,四川,钢加工,20010227
3064,600559.SH,600559,老白干酒,河北,白酒,20021029
3065,600560.SH,600560,金自天正,北京,电气设备,20020919
3066,600561.SH,600561,江西长运,江西,公共交通,20020716
3067,600562.SH,600562,国睿科技,江苏,通信设备,20030128
3068,600563.SH,600563,法拉电子,福建,元器件,20021210
3069,600565.SH,600565,迪马股份,重庆,全国地产,20020723
3070,600566.SH,600566,济川药业,湖北,中成药,20010822
3071,600567.SH,600567,山鹰国际,安徽,造纸,20011218
3073,600569.SH,600569,安阳钢铁,河南,普钢,20010820
3074,600570.SH,600570,恒生电子,浙江,软件服务,20031216
3075,600571.SH,600571,信雅达,浙江,软件服务,20021101
3076,600572.SH,600572,康恩贝,浙江,中成药,20040412
3077,600573.SH,600573,惠泉啤酒,福建,啤酒,20030226
3078,600575.SH,600575,淮河能源,安徽,铁路,20030328
3079,600576.SH,600576,祥源文化,浙江,影视音像,20030220
3080,600577.SH,600577,精达股份,安徽,电气设备,20020911
3081,600578.SH,600578,京能电力,北京,火力发电,20020510
3082,600579.SH,600579,克劳斯,山东,化工机械,20020809
3083,600580.SH,600580,卧龙电驱,浙江,电气设备,20020606
3084,600581.SH,600581,八一钢铁,新疆,普钢,20020816
3085,600582.SH,600582,天地科技,北京,工程机械,20020515
3086,600583.SH,600583,海油工程,天津,石油开采,20020205
3087,600584.SH,600584,长电科技,江苏,半导体,20030603
3088,600585.SH,600585,海螺水泥,安徽,水泥,20020207
3089,600586.SH,600586,金晶科技,山东,玻璃,20020815
3090,600587.SH,600587,新华医疗,山东,医疗保健,20020927
3091,600588.SH,600588,用友网络,北京,软件服务,20010518
3093,600590.SH,600590,泰豪科技,江西,电气设备,20020703
3094,600592.SH,600592,龙溪股份,福建,机械基件,20020805
3096,600594.SH,600594,益佰制药,贵州,中成药,20040323
3098,600596.SH,600596,新安股份,浙江,化工原料,20010906
3099,600597.SH,600597,光明乳业,上海,乳制品,20020828
3100,600598.SH,600598,北大荒,黑龙江,种植业,20020329
3102,600600.SH,600600,青岛啤酒,山东,啤酒,19930827
3104,600602.SH,600602,云赛智联,上海,软件服务,19901219
3105,600603.SH,600603,广汇物流,四川,仓储物流,19920113
3106,600604.SH,600604,市北高新,上海,园区开发,19920327
3107,600605.SH,600605,汇通能源,上海,房产服务,19920327
3108,600606.SH,600606,绿地控股,上海,建筑工程,19920327
3110,600609.SH,600609,金杯汽车,辽宁,汽车配件,19920724
3111,600610.SH,600610,中毅达,贵州,化工原料,19920805
3112,600611.SH,600611,大众交通,上海,公共交通,19920807
3113,600612.SH,600612,老凤祥,上海,服饰,19920814
3114,600613.SH,600613,神奇制药,上海,中成药,19920820
3116,600616.SH,600616,金枫酒业,上海,红黄酒,19920929
3117,600617.SH,600617,国新能源,山西,供气供热,19921013
3118,600618.SH,600618,氯碱化工,上海,化工原料,19921113
3119,600619.SH,600619,海立股份,上海,家用电器,19921116
3120,600620.SH,600620,天宸股份,上海,综合类,19921117
3121,600621.SH,600621,华鑫股份,上海,证券,19921202
3122,600622.SH,600622,光大嘉宝,上海,区域地产,19921203
3123,600623.SH,600623,华谊集团,上海,化工原料,19921204
3124,600624.SH,600624,复旦复华,上海,化学制药,19930105
3125,600626.SH,600626,申达股份,上海,汽车配件,19930107
3126,600628.SH,600628,新世界,上海,百货,19930119
3127,600629.SH,600629,华建集团,上海,建筑工程,19930209
3128,600630.SH,600630,龙头股份,上海,纺织,19930209
3129,600633.SH,600633,浙数文化,浙江,互联网,19930304
3130,600635.SH,600635,大众公用,上海,供气供热,19930304
3131,600636.SH,600636,国新文化,上海,文教休闲,19930316
3132,600637.SH,600637,东方明珠,上海,影视音像,19930316
3133,600638.SH,600638,新黄浦,上海,区域地产,19930326
3134,600639.SH,600639,浦东金桥,上海,园区开发,19930326
3135,600640.SH,600640,新国脉,上海,影视音像,19930407
3136,600641.SH,600641,万业企业,上海,区域地产,19930407
3137,600642.SH,600642,申能股份,上海,火力发电,19930416
3138,600643.SH,600643,爱建集团,上海,多元金融,19930426
3139,600644.SH,600644,乐山电力,四川,水力发电,19930426
3140,600645.SH,600645,中源协和,天津,医疗保健,19930504
3141,600647.SH,600647,同达创业,上海,综合类,19930504
3142,600648.SH,600648,外高桥,上海,园区开发,19930504
3143,600649.SH,600649,城投控股,上海,区域地产,19930518
3144,600650.SH,600650,锦江在线,上海,公共交通,19930607
3145,600651.SH,600651,飞乐音响,上海,电器仪表,19901219
3147,600653.SH,600653,申华控股,辽宁,汽车服务,19901219
3149,600655.SH,600655,豫园股份,上海,百货,19920902
3150,600657.SH,600657,信达地产,北京,全国地产,19930524
3151,600658.SH,600658,电子城,北京,园区开发,19930524
3152,600660.SH,600660,福耀玻璃,福建,汽车配件,19930610
3153,600661.SH,600661,昂立教育,上海,文教休闲,19930614
3154,600662.SH,600662,外服控股,上海,公共交通,19930614
3155,600663.SH,600663,陆家嘴,上海,园区开发,19930628
3156,600664.SH,600664,哈药股份,黑龙江,化学制药,19930629
3157,600665.SH,600665,天地源,陕西,全国地产,19930709
3159,600667.SH,600667,太极实业,江苏,半导体,19930728
3160,600668.SH,600668,尖峰集团,浙江,水泥,19930728
3162,600673.SH,600673,东阳光,广东,铝,19930917
3163,600674.SH,600674,川投能源,四川,水力发电,19930924
3164,600675.SH,600675,中华企业,上海,区域地产,19930924
3165,600676.SH,600676,交运股份,上海,汽车配件,19930928
3166,600678.SH,600678,四川金顶,四川,水泥,19931008
3167,600679.SH,600679,上海凤凰,上海,文教休闲,19931008
3168,600681.SH,600681,百川能源,湖北,供气供热,19931018
3169,600682.SH,600682,南京新百,江苏,百货,19931018
3170,600683.SH,600683,京投发展,浙江,区域地产,19931025
3171,600684.SH,600684,珠江股份,广东,全国地产,19931028
3172,600685.SH,600685,中船防务,广东,船舶,19931028
3173,600686.SH,600686,金龙汽车,福建,汽车整车,19931108
3174,600688.SH,600688,上海石化,上海,石油加工,19931108
3175,600689.SH,600689,上海三毛,上海,纺织,19931108
3176,600690.SH,600690,海尔智家,山东,家用电器,19931119
3177,600691.SH,600691,阳煤化工,山西,农药化肥,19931119
3178,600692.SH,600692,亚通股份,上海,房产服务,19931119
3179,600693.SH,600693,东百集团,福建,百货,19931122
3180,600694.SH,600694,大商股份,辽宁,百货,19931122
3182,600696.SH,600696,岩石股份,上海,白酒,19931206
3183,600697.SH,600697,欧亚集团,吉林,百货,19931206
3184,600698.SH,600698,湖南天雁,湖南,汽车配件,19931206
3185,600699.SH,600699,均胜电子,浙江,汽车配件,19931206
3186,600702.SH,600702,舍得酒业,四川,白酒,19960524
3187,600703.SH,600703,三安光电,湖北,半导体,19960528
3188,600704.SH,600704,物产中大,浙江,仓储物流,19960606
3189,600705.SH,600705,中航产融,黑龙江,多元金融,19960516
3190,600706.SH,600706,曲江文旅,陕西,旅游服务,19960516
3191,600707.SH,600707,彩虹股份,陕西,元器件,19960520
3192,600708.SH,600708,光明地产,上海,全国地产,19960606
3193,600710.SH,600710,苏美达,江苏,商贸代理,19960701
3194,600711.SH,600711,盛屯矿业,福建,小金属,19960531
3195,600712.SH,600712,南宁百货,广西,百货,19960626
3196,600713.SH,600713,南京医药,江苏,医药商业,19960701
3197,600714.SH,600714,金瑞矿业,青海,化工原料,19960606
3198,600715.SH,600715,文投控股,辽宁,影视音像,19960701
3199,600716.SH,600716,凤凰股份,江苏,区域地产,19960702
3200,600717.SH,600717,天津港,天津,港口,19960614
3201,600718.SH,600718,东软集团,辽宁,软件服务,19960618
3202,600719.SH,600719,大连热电,辽宁,供气供热,19960716
3203,600720.SH,600720,祁连山,甘肃,水泥,19960716
3205,600722.SH,600722,金牛化工,河北,化工原料,19960626
3206,600724.SH,600724,宁波富达,浙江,水泥,19960716
3207,600725.SH,600725,云维股份,云南,焦炭加工,19960702
3208,600726.SH,600726,华电能源,黑龙江,火力发电,19960701
3209,600727.SH,600727,鲁北化工,山东,化工原料,19960702
3210,600728.SH,600728,佳都科技,广东,软件服务,19960716
3211,600729.SH,600729,重庆百货,重庆,百货,19960702
3212,600730.SH,600730,中国高科,北京,综合类,19960726
3213,600731.SH,600731,湖南海利,湖南,农药化肥,19960802
3214,600732.SH,600732,爱旭股份,上海,电气设备,19960816
3215,600733.SH,600733,北汽蓝谷,北京,汽车整车,19960816
3217,600735.SH,600735,新华锦,山东,商贸代理,19960726
3218,600736.SH,600736,苏州高新,江苏,园区开发,19960815
3219,600737.SH,600737,中粮糖业,新疆,食品,19960731
3220,600738.SH,600738,丽尚国潮,甘肃,百货,19960802
3221,600739.SH,600739,辽宁成大,辽宁,商贸代理,19960819
3222,600740.SH,600740,山西焦化,山西,焦炭加工,19960808
3223,600741.SH,600741,华域汽车,上海,汽车配件,19960826
3224,600742.SH,600742,一汽富维,吉林,汽车配件,19960826
3225,600743.SH,600743,华远地产,北京,区域地产,19960909
3226,600744.SH,600744,华银电力,湖南,火力发电,19960905
3227,600745.SH,600745,闻泰科技,湖北,通信设备,19960828
3228,600746.SH,600746,江苏索普,江苏,化工原料,19960918
3229,600748.SH,600748,上实发展,上海,全国地产,19960925
3230,600749.SH,600749,西藏旅游,西藏,旅游景点,19961015
3231,600750.SH,600750,江中药业,江西,中成药,19960923
3232,600751.SH,600751,海航科技,天津,商贸代理,19960909
3233,600753.SH,600753,东方银星,福建,商贸代理,19960927
3234,600754.SH,600754,锦江酒店,上海,酒店餐饮,19961011
3235,600755.SH,600755,厦门国贸,福建,仓储物流,19961003
3236,600756.SH,600756,浪潮软件,山东,软件服务,19960923
3237,600757.SH,600757,长江传媒,湖北,出版业,19961003
3238,600758.SH,600758,辽宁能源,辽宁,煤炭开采,19961029
3239,600759.SH,600759,洲际油气,海南,石油开采,19961008
3240,600760.SH,600760,中航沈飞,山东,航空,19961011
3241,600761.SH,600761,安徽合力,安徽,工程机械,19961009
3242,600763.SH,600763,通策医疗,浙江,医疗保健,19961030
3243,600764.SH,600764,中国海防,北京,通信设备,19961104
3244,600765.SH,600765,中航重机,贵州,航空,19961106
3246,600767.SH,600767,运盛医疗,四川,医疗保健,19961115
3247,600768.SH,600768,宁波富邦,浙江,铝,19961111
3248,600769.SH,600769,祥龙电业,湖北,建筑工程,19961101
3249,600770.SH,600770,综艺股份,江苏,综合类,19961120
3250,600771.SH,600771,广誉远,山西,中成药,19961105
3251,600773.SH,600773,西藏城投,西藏,区域地产,19961108
3252,600774.SH,600774,汉商集团,湖北,百货,19961108
3253,600775.SH,600775,南京熊猫,江苏,通信设备,19961118
3254,600776.SH,600776,东方通信,浙江,通信设备,19961126
3255,600777.SH,600777,新潮能源,山东,石油开采,19961121
3256,600778.SH,600778,友好集团,新疆,百货,19961203
3257,600779.SH,600779,水井坊,四川,白酒,19961206
3258,600780.SH,600780,通宝能源,山西,火力发电,19961205
3260,600782.SH,600782,新钢股份,江西,普钢,19961225
3261,600783.SH,600783,鲁信创投,山东,多元金融,19961225
3262,600784.SH,600784,鲁银投资,山东,综合类,19961225
3263,600785.SH,600785,新华百货,宁夏,百货,19970108
3264,600787.SH,600787,中储股份,天津,仓储物流,19970121
3265,600789.SH,600789,鲁抗医药,山东,化学制药,19970226
3266,600790.SH,600790,轻纺城,浙江,商品城,19970228
3267,600791.SH,600791,京能置业,北京,全国地产,19970130
3268,600792.SH,600792,云煤能源,云南,焦炭加工,19970123
3269,600793.SH,600793,宜宾纸业,四川,造纸,19970220
3270,600794.SH,600794,保税科技,江苏,仓储物流,19970306
3271,600795.SH,600795,国电电力,辽宁,火力发电,19970318
3272,600796.SH,600796,钱江生化,浙江,农药化肥,19970408
3273,600797.SH,600797,浙大网新,浙江,软件服务,19970418
3274,600798.SH,600798,宁波海运,浙江,水运,19970423
3275,600800.SH,600800,渤海化学,天津,化工原料,19931206
3276,600801.SH,600801,华新水泥,湖北,水泥,19940103
3277,600802.SH,600802,福建水泥,福建,水泥,19940103
3278,600803.SH,600803,新奥股份,河北,供气供热,19940103
3279,600804.SH,600804,鹏博士,四川,电信运营,19940103
3280,600805.SH,600805,悦达投资,江苏,综合类,19940103
3281,600807.SH,600807,济南高新,山东,区域地产,19940103
3282,600808.SH,600808,马钢股份,安徽,普钢,19940106
3283,600809.SH,600809,山西汾酒,山西,白酒,19940106
3284,600810.SH,600810,神马股份,河南,化纤,19940106
3285,600811.SH,600811,东方集团,黑龙江,农业综合,19940106
3286,600812.SH,600812,华北制药,河北,化学制药,19940114
3287,600814.SH,600814,杭州解百,浙江,百货,19940114
3288,600815.SH,600815,厦工股份,福建,工程机械,19940128
3290,600817.SH,600817,宇通重工,河南,专用机械,19940128
3291,600818.SH,600818,中路股份,上海,文教休闲,19940128
3292,600819.SH,600819,耀皮玻璃,上海,玻璃,19940128
3293,600820.SH,600820,隧道股份,上海,建筑工程,19940128
3294,600821.SH,600821,金开新能,天津,新型电力,19940128
3295,600822.SH,600822,上海物贸,上海,商贸代理,19940204
3296,600823.SH,600823,世茂股份,上海,全国地产,19940204
3297,600824.SH,600824,益民集团,上海,百货,19940204
3298,600825.SH,600825,新华传媒,上海,出版业,19940204
3299,600826.SH,600826,兰生股份,上海,商贸代理,19940204
3300,600827.SH,600827,百联股份,上海,超市连锁,19940204
3301,600828.SH,600828,茂业商业,四川,百货,19940224
3302,600829.SH,600829,人民同泰,黑龙江,医药商业,19940224
3303,600830.SH,600830,香溢融通,浙江,多元金融,19940224
3304,600831.SH,600831,广电网络,陕西,影视音像,19940224
3305,600833.SH,600833,第一医药,上海,医药商业,19940224
3306,600834.SH,600834,申通地铁,上海,公共交通,19940224
3307,600835.SH,600835,上海机电,上海,运输设备,19940224
3308,600836.SH,600836,上海易连,上海,广告包装,19940224
3309,600837.SH,600837,海通证券,上海,证券,19940224
3310,600838.SH,600838,上海九百,上海,百货,19940224
3311,600839.SH,600839,四川长虹,四川,家用电器,19940311
3312,600841.SH,600841,动力新科,上海,机械基件,19940311
3313,600843.SH,600843,上工申贝,上海,纺织机械,19940311
3314,600844.SH,600844,丹化科技,江苏,化工原料,19940311
3315,600845.SH,600845,宝信软件,上海,软件服务,19940311
3316,600846.SH,600846,同济科技,上海,建筑工程,19940311
3317,600847.SH,600847,万里股份,重庆,电气设备,19940324
3318,600848.SH,600848,上海临港,上海,园区开发,19940324
3319,600850.SH,600850,电科数字,上海,软件服务,19940324
3320,600851.SH,600851,海欣股份,上海,化学制药,19940404
3321,600853.SH,600853,龙建股份,黑龙江,建筑工程,19940404
3322,600854.SH,600854,春兰股份,江苏,家用电器,19940425
3323,600855.SH,600855,航天长峰,北京,专用机械,19940425
3325,600857.SH,600857,宁波中百,浙江,百货,19940425
3326,600858.SH,600858,银座股份,山东,百货,19940506
3327,600859.SH,600859,王府井,北京,百货,19940506
3328,600860.SH,600860,京城股份,北京,专用机械,19940506
3329,600861.SH,600861,北京城乡,北京,百货,19940520
3330,600862.SH,600862,中航高科,江苏,航空,19940520
3331,600863.SH,600863,内蒙华电,内蒙,火力发电,19940520
3332,600864.SH,600864,哈投股份,黑龙江,证券,19940809
3333,600865.SH,600865,百大集团,浙江,百货,19940809
3334,600866.SH,600866,星湖科技,广东,食品,19940818
3335,600867.SH,600867,通化东宝,吉林,生物制药,19940824
3336,600868.SH,600868,梅雁吉祥,广东,水力发电,19940912
3337,600869.SH,600869,远东股份,青海,电气设备,19950206
3339,600871.SH,600871,石化油服,北京,石油开采,19950411
3340,600872.SH,600872,中炬高新,广东,食品,19950124
3341,600873.SH,600873,梅花生物,西藏,食品,19950217
3342,600874.SH,600874,创业环保,天津,环境保护,19950630
3343,600875.SH,600875,东方电气,四川,电气设备,19951010
3344,600876.SH,600876,洛阳玻璃,河南,玻璃,19951031
3345,600877.SH,600877,声光电科,重庆,电气设备,19951013
3346,600879.SH,600879,航天电子,湖北,航空,19951115
3347,600880.SH,600880,博瑞传播,四川,广告包装,19951115
3348,600881.SH,600881,亚泰集团,吉林,水泥,19951115
3349,600882.SH,600882,妙可蓝多,上海,乳制品,19951206
3350,600883.SH,600883,博闻科技,云南,水泥,19951208
3351,600884.SH,600884,杉杉股份,浙江,电气设备,19960130
3352,600885.SH,600885,宏发股份,湖北,电气设备,19960205
3353,600886.SH,600886,国投电力,北京,水力发电,19960118
3354,600887.SH,600887,伊利股份,内蒙,乳制品,19960312
3355,600888.SH,600888,新疆众和,新疆,铝,19960215
3356,600889.SH,600889,南京化纤,江苏,化纤,19960308
3358,600892.SH,600892,大晟文化,深圳,影视音像,19960315
3359,600893.SH,600893,航发动力,陕西,航空,19960408
3360,600894.SH,600894,广日股份,广东,运输设备,19960328
3361,600895.SH,600895,张江高科,上海,园区开发,19960422
3363,600897.SH,600897,厦门空港,福建,机场,19960531
3365,600900.SH,600900,长江电力,北京,水力发电,20031118
3366,600901.SH,600901,江苏租赁,江苏,多元金融,20180301
3367,600903.SH,600903,贵州燃气,贵州,供气供热,20171107
3368,600905.SH,600905,三峡能源,北京,新型电力,20210610
3369,600906.SH,600906,财达证券,河北,证券,20210507
3370,600908.SH,600908,无锡银行,江苏,银行,20160923
3371,600909.SH,600909,华安证券,安徽,证券,20161206
3372,600916.SH,600916,中国黄金,北京,黄金,20210205
3373,600917.SH,600917,重庆燃气,重庆,供气供热,20140930
3374,600918.SH,600918,中泰证券,山东,证券,20200603
3375,600919.SH,600919,江苏银行,江苏,银行,20160802
3376,600926.SH,600926,杭州银行,浙江,银行,20161027
3377,600927.SH,600927,永安期货,浙江,多元金融,20211223
3378,600928.SH,600928,西安银行,陕西,银行,20190301
3379,600929.SH,600929,雪天盐业,湖南,食品,20180326
3380,600933.SH,600933,爱柯迪,浙江,汽车配件,20171117
3381,600935.SH,600935,华塑股份,安徽,化工原料,20211126
3382,600936.SH,600936,广西广电,广西,影视音像,20160815
3383,600939.SH,600939,重庆建工,重庆,建筑工程,20170221
3384,600941.SH,600941,中国移动,北京,电信运营,20220105
3385,600955.SH,600955,维远股份,山东,化工原料,20210915
3386,600956.SH,600956,新天绿能,河北,供气供热,20200629
3387,600958.SH,600958,东方证券,上海,证券,20150323
3388,600959.SH,600959,江苏有线,江苏,影视音像,20150428
3389,600960.SH,600960,渤海汽车,山东,汽车配件,20040407
3390,600961.SH,600961,株冶集团,湖南,铅锌,20040830
3391,600962.SH,600962,国投中鲁,北京,软饮料,20040622
3392,600963.SH,600963,岳阳林纸,湖南,造纸,20040525
3393,600965.SH,600965,福成股份,河北,农业综合,20040713
3394,600966.SH,600966,博汇纸业,山东,造纸,20040608
3395,600967.SH,600967,内蒙一机,内蒙,运输设备,20040518
3396,600968.SH,600968,海油发展,北京,石油开采,20190626
3397,600969.SH,600969,郴电国际,湖南,水力发电,20040408
3398,600970.SH,600970,中材国际,江苏,建筑工程,20050412
3399,600971.SH,600971,恒源煤电,安徽,煤炭开采,20040817
3400,600973.SH,600973,宝胜股份,江苏,电气设备,20040802
3401,600975.SH,600975,新五丰,湖南,农业综合,20040609
3402,600976.SH,600976,健民集团,湖北,中成药,20040419
3403,600977.SH,600977,中国电影,北京,影视音像,20160809
3404,600979.SH,600979,广安爱众,四川,水力发电,20040906
3405,600980.SH,600980,北矿科技,北京,元器件,20040512
3406,600981.SH,600981,汇鸿集团,江苏,商贸代理,20040630
3407,600982.SH,600982,宁波能源,浙江,供气供热,20040706
3408,600983.SH,600983,惠而浦,安徽,家用电器,20040727
3409,600984.SH,600984,建设机械,陕西,工程机械,20040707
3410,600985.SH,600985,淮北矿业,安徽,煤炭开采,20040428
3411,600986.SH,600986,浙文互联,浙江,互联网,20040426
3412,600987.SH,600987,航民股份,浙江,纺织,20040809
3413,600988.SH,600988,赤峰黄金,内蒙,黄金,20040414
3414,600989.SH,600989,宝丰能源,宁夏,化工原料,20190516
3415,600990.SH,600990,四创电子,安徽,通信设备,20040510
3416,600992.SH,600992,贵绳股份,贵州,钢加工,20040514
3417,600993.SH,600993,马应龙,湖北,中成药,20040517
3418,600995.SH,600995,文山电力,云南,水力发电,20040615
3419,600996.SH,600996,贵广网络,贵州,影视音像,20161226
3420,600997.SH,600997,开滦股份,河北,煤炭开采,20040602
3421,600998.SH,600998,九州通,湖北,医药商业,20101102
3422,600999.SH,600999,招商证券,深圳,证券,20091117
3423,601000.SH,601000,唐山港,河北,港口,20100705
3424,601001.SH,601001,晋控煤业,山西,煤炭开采,20060623
3425,601002.SH,601002,晋亿实业,浙江,机械基件,20070126
3426,601003.SH,601003,柳钢股份,广西,普钢,20070227
3427,601005.SH,601005,重庆钢铁,重庆,普钢,20070228
3428,601006.SH,601006,大秦铁路,山西,铁路,20060801
3429,601007.SH,601007,金陵饭店,江苏,酒店餐饮,20070406
3430,601008.SH,601008,连云港,江苏,港口,20070426
3431,601009.SH,601009,南京银行,江苏,银行,20070719
3432,601010.SH,601010,文峰股份,江苏,超市连锁,20110603
3433,601011.SH,601011,宝泰隆,黑龙江,焦炭加工,20110309
3434,601012.SH,601012,隆基股份,陕西,电气设备,20120411
3435,601015.SH,601015,陕西黑猫,陕西,焦炭加工,20141105
3436,601016.SH,601016,节能风电,北京,新型电力,20140929
3437,601018.SH,601018,宁波港,浙江,港口,20100928
3438,601019.SH,601019,山东出版,山东,出版业,20171122
3440,601021.SH,601021,春秋航空,上海,空运,20150121
3441,601028.SH,601028,玉龙股份,山东,商贸代理,20111107
3442,601038.SH,601038,一拖股份,河南,农用机械,20120808
3443,601058.SH,601058,赛轮轮胎,山东,汽车配件,20110630
3444,601066.SH,601066,中信建投,北京,证券,20180620
3445,601068.SH,601068,中铝国际,北京,建筑工程,20180831
3446,601069.SH,601069,西部黄金,新疆,黄金,20150122
3447,601077.SH,601077,渝农商行,重庆,银行,20191029
3448,601086.SH,601086,国芳集团,甘肃,百货,20170929
3449,601088.SH,601088,中国神华,北京,煤炭开采,20071009
3450,601098.SH,601098,中南传媒,湖南,出版业,20101028
3451,601099.SH,601099,太平洋,云南,证券,20071228
3452,601100.SH,601100,恒立液压,江苏,工程机械,20111028
3453,601101.SH,601101,昊华能源,北京,煤炭开采,20100331
3454,601106.SH,601106,中国一重,黑龙江,工程机械,20100209
3455,601107.SH,601107,四川成渝,四川,路桥,20090727
3456,601108.SH,601108,财通证券,浙江,证券,20171024
3457,601111.SH,601111,中国国航,北京,空运,20060818
3459,601116.SH,601116,三江购物,浙江,超市连锁,20110302
3460,601117.SH,601117,中国化学,北京,建筑工程,20100107
3461,601118.SH,601118,海南橡胶,海南,橡胶,20110107
3462,601126.SH,601126,四方股份,北京,电气设备,20101231
3463,601127.SH,601127,小康股份,重庆,汽车整车,20160615
3464,601128.SH,601128,常熟银行,江苏,银行,20160930
3465,601137.SH,601137,博威合金,浙江,小金属,20110127
3466,601138.SH,601138,工业富联,深圳,通信设备,20180608
3467,601139.SH,601139,深圳燃气,深圳,供气供热,20091225
3468,601155.SH,601155,新城控股,江苏,区域地产,20151204
3469,601156.SH,601156,东航物流,上海,空运,20210609
3470,601158.SH,601158,重庆水务,重庆,水务,20100329
3471,601162.SH,601162,天风证券,湖北,证券,20181019
3472,601163.SH,601163,三角轮胎,山东,汽车配件,20160909
3473,601166.SH,601166,兴业银行,福建,银行,20070205
3474,601168.SH,601168,西部矿业,青海,铜,20070712
3475,601169.SH,601169,北京银行,北京,银行,20070919
3476,601177.SH,601177,杭齿前进,浙江,机械基件,20101011
3477,601179.SH,601179,中国西电,陕西,电气设备,20100128
3478,601186.SH,601186,中国铁建,北京,建筑工程,20080310
3479,601187.SH,601187,厦门银行,福建,银行,20201027
3480,601188.SH,601188,龙江交通,黑龙江,路桥,20100319
3481,601198.SH,601198,东兴证券,北京,证券,20150226
3482,601199.SH,601199,江南水务,江苏,水务,20110317
3483,601200.SH,601200,上海环境,上海,环境保护,20170331
3484,601208.SH,601208,东材科技,四川,化工原料,20110520
3485,601211.SH,601211,国泰君安,上海,证券,20150626
3486,601212.SH,601212,白银有色,甘肃,铜,20170215
3487,601216.SH,601216,君正集团,内蒙,化工原料,20110222
3488,601218.SH,601218,吉鑫科技,江苏,电气设备,20110506
3489,601222.SH,601222,林洋能源,江苏,电器仪表,20110808
3490,601225.SH,601225,陕西煤业,陕西,煤炭开采,20140128
3491,601226.SH,601226,华电重工,北京,建筑工程,20141211
3492,601228.SH,601228,广州港,广东,港口,20170329
3493,601229.SH,601229,上海银行,上海,银行,20161116
3494,601231.SH,601231,环旭电子,上海,元器件,20120220
3495,601233.SH,601233,桐昆股份,浙江,化纤,20110518
3496,601236.SH,601236,红塔证券,云南,证券,20190705
3497,601238.SH,601238,广汽集团,广东,汽车整车,20120329
3498,601258.SH,601258,庞大集团,河北,汽车服务,20110428
3499,601279.SH,601279,英利汽车,吉林,汽车配件,20210415
3500,601288.SH,601288,农业银行,北京,银行,20100715
3501,601298.SH,601298,青岛港,山东,港口,20190121
3502,601311.SH,601311,骆驼股份,湖北,电气设备,20110602
3503,601318.SH,601318,中国平安,深圳,保险,20070301
3504,601319.SH,601319,中国人保,北京,保险,20181116
3505,601326.SH,601326,秦港股份,河北,港口,20170816
3506,601328.SH,601328,交通银行,上海,银行,20070515
3507,601330.SH,601330,绿色动力,深圳,环境保护,20180611
3508,601333.SH,601333,广深铁路,深圳,铁路,20061222
3509,601336.SH,601336,新华保险,北京,保险,20111216
3510,601339.SH,601339,百隆东方,浙江,纺织,20120612
3511,601360.SH,601360,三六零,天津,互联网,20120116
3512,601366.SH,601366,利群股份,山东,百货,20170412
3513,601368.SH,601368,绿城水务,广西,水务,20150612
3514,601369.SH,601369,陕鼓动力,陕西,机械基件,20100428
3515,601375.SH,601375,中原证券,河南,证券,20170103
3516,601377.SH,601377,兴业证券,福建,证券,20101013
3517,601388.SH,601388,怡球资源,江苏,铝,20120423
3518,601390.SH,601390,中国中铁,北京,建筑工程,20071203
3519,601398.SH,601398,工商银行,北京,银行,20061027
3520,601399.SH,601399,国机重装,四川,工程机械,20200608
3521,601456.SH,601456,国联证券,江苏,证券,20200731
3522,601500.SH,601500,通用股份,江苏,汽车配件,20160919
3523,601512.SH,601512,中新集团,江苏,园区开发,20191220
3524,601515.SH,601515,东风股份,广东,广告包装,20120216
3525,601518.SH,601518,吉林高速,吉林,路桥,20100319
3526,601519.SH,601519,大智慧,上海,软件服务,20110128
3527,601528.SH,601528,瑞丰银行,浙江,银行,20210625
3528,601555.SH,601555,东吴证券,江苏,证券,20111212
3529,601566.SH,601566,九牧王,福建,服饰,20110530
3530,601567.SH,601567,三星医疗,浙江,电器仪表,20110615
3531,601568.SH,601568,北元集团,陕西,化工原料,20201020
3532,601577.SH,601577,长沙银行,湖南,银行,20180926
3533,601579.SH,601579,会稽山,浙江,红黄酒,20140825
3534,601588.SH,601588,北辰实业,北京,区域地产,20061016
3535,601595.SH,601595,上海电影,上海,影视音像,20160817
3536,601598.SH,601598,中国外运,北京,仓储物流,20190118
3537,601599.SH,601599,浙文影业,浙江,纺织,20110527
3538,601600.SH,601600,中国铝业,北京,铝,20070430
3539,601601.SH,601601,中国太保,上海,保险,20071225
3540,601606.SH,601606,长城军工,安徽,专用机械,20180806
3541,601607.SH,601607,上海医药,上海,医药商业,19940324
3542,601608.SH,601608,中信重工,河南,专用机械,20120706
3543,601609.SH,601609,金田铜业,浙江,铜,20200422
3544,601611.SH,601611,中国核建,上海,建筑工程,20160606
3545,601615.SH,601615,明阳智能,广东,电气设备,20190123
3546,601616.SH,601616,广电电气,上海,电气设备,20110201
3547,601618.SH,601618,中国中冶,北京,建筑工程,20090921
3548,601619.SH,601619,嘉泽新能,宁夏,新型电力,20170720
3549,601628.SH,601628,中国人寿,北京,保险,20070109
3550,601633.SH,601633,长城汽车,河北,汽车整车,20110928
3551,601636.SH,601636,旗滨集团,湖南,玻璃,20110812
3552,601658.SH,601658,邮储银行,北京,银行,20191210
3553,601665.SH,601665,齐鲁银行,山东,银行,20210618
3554,601666.SH,601666,平煤股份,河南,煤炭开采,20061123
3555,601668.SH,601668,中国建筑,北京,建筑工程,20090729
3556,601669.SH,601669,中国电建,北京,建筑工程,20111018
3557,601677.SH,601677,明泰铝业,河南,铝,20110919
3558,601678.SH,601678,滨化股份,山东,化工原料,20100223
3559,601686.SH,601686,友发集团,天津,钢加工,20201204
3560,601688.SH,601688,华泰证券,江苏,证券,20100226
3561,601689.SH,601689,拓普集团,浙江,汽车配件,20150319
3562,601696.SH,601696,中银证券,上海,证券,20200226
3563,601698.SH,601698,中国卫通,北京,电信运营,20190628
3564,601699.SH,601699,潞安环能,山西,煤炭开采,20060922
3565,601700.SH,601700,风范股份,江苏,电气设备,20110118
3566,601702.SH,601702,华峰铝业,上海,铝,20200907
3567,601717.SH,601717,郑煤机,河南,汽车配件,20100803
3568,601718.SH,601718,际华集团,北京,服饰,20100816
3569,601727.SH,601727,上海电气,上海,电气设备,20081205
3570,601728.SH,601728,中国电信,北京,电信运营,20210820
3571,601766.SH,601766,中国中车,北京,运输设备,20080818
3572,601777.SH,601777,力帆科技,重庆,摩托车,20101125
3573,601778.SH,601778,晶科科技,江西,新型电力,20200519
3574,601788.SH,601788,光大证券,上海,证券,20090818
3575,601789.SH,601789,宁波建工,浙江,建筑工程,20110816
3576,601798.SH,601798,蓝科高新,甘肃,化工机械,20110622
3577,601799.SH,601799,星宇股份,江苏,汽车配件,20110201
3578,601800.SH,601800,中国交建,北京,建筑工程,20120309
3579,601801.SH,601801,皖新传媒,安徽,出版业,20100118
3580,601808.SH,601808,中海油服,天津,石油开采,20070928
3581,601811.SH,601811,新华文轩,四川,出版业,20160808
3582,601816.SH,601816,京沪高铁,北京,铁路,20200116
3583,601818.SH,601818,光大银行,北京,银行,20100818
3584,601825.SH,601825,沪农商行,上海,银行,20210819
3585,601827.SH,601827,三峰环境,重庆,环境保护,20200605
3586,601828.SH,601828,美凯龙,上海,其他商业,20180117
3587,601838.SH,601838,成都银行,四川,银行,20180131
3588,601857.SH,601857,中国石油,北京,石油开采,20071105
3589,601858.SH,601858,中国科传,北京,出版业,20170118
3590,601860.SH,601860,紫金银行,江苏,银行,20190103
3591,601865.SH,601865,福莱特,浙江,玻璃,20190215
3592,601866.SH,601866,中远海发,上海,水运,20071212
3593,601868.SH,601868,中国能建,北京,建筑工程,20210928
3594,601869.SH,601869,长飞光纤,湖北,通信设备,20180720
3595,601872.SH,601872,招商轮船,上海,水运,20061201
3596,601877.SH,601877,正泰电器,浙江,电气设备,20100121
3597,601878.SH,601878,浙商证券,浙江,证券,20170626
3598,601880.SH,601880,辽港股份,辽宁,港口,20101206
3599,601881.SH,601881,中国银河,北京,证券,20170123
3600,601882.SH,601882,海天精工,浙江,机床制造,20161107
3601,601886.SH,601886,江河集团,北京,装修装饰,20110818
3602,601888.SH,601888,中国中免,北京,旅游服务,20091015
3603,601890.SH,601890,亚星锚链,江苏,船舶,20101228
3604,601898.SH,601898,中煤能源,北京,煤炭开采,20080201
3605,601899.SH,601899,紫金矿业,福建,铜,20080425
3606,601900.SH,601900,南方传媒,广东,出版业,20160215
3607,601901.SH,601901,方正证券,湖南,证券,20110810
3608,601908.SH,601908,京运通,北京,新型电力,20110908
3609,601916.SH,601916,浙商银行,浙江,银行,20191126
3610,601918.SH,601918,新集能源,安徽,煤炭开采,20071219
3611,601919.SH,601919,中远海控,天津,水运,20070626
3612,601921.SH,601921,浙版传媒,浙江,出版业,20210723
3613,601928.SH,601928,凤凰传媒,江苏,出版业,20111130
3614,601929.SH,601929,吉视传媒,吉林,影视音像,20120223
3615,601933.SH,601933,永辉超市,福建,超市连锁,20101215
3616,601939.SH,601939,建设银行,北京,银行,20070925
3617,601949.SH,601949,中国出版,北京,出版业,20170821
3618,601952.SH,601952,苏垦农发,江苏,种植业,20170515
3619,601956.SH,601956,东贝集团,湖北,家用电器,20201225
3620,601958.SH,601958,金钼股份,陕西,小金属,20080417
3621,601963.SH,601963,重庆银行,重庆,银行,20210205
3622,601965.SH,601965,中国汽研,重庆,汽车服务,20120611
3623,601966.SH,601966,玲珑轮胎,山东,汽车配件,20160706
3624,601968.SH,601968,宝钢包装,上海,广告包装,20150611
3625,601969.SH,601969,海南矿业,海南,普钢,20141209
3626,601975.SH,601975,招商南油,江苏,水运,20190108
3627,601985.SH,601985,中国核电,北京,新型电力,20150610
3628,601988.SH,601988,中国银行,北京,银行,20060705
3629,601989.SH,601989,中国重工,北京,船舶,20091216
3630,601990.SH,601990,南京证券,江苏,证券,20180613
3631,601991.SH,601991,大唐发电,北京,火力发电,20061220
3632,601992.SH,601992,金隅集团,北京,水泥,20110301
3633,601995.SH,601995,中金公司,北京,证券,20201102
3634,601996.SH,601996,丰林集团,广西,家居用品,20110929
3635,601997.SH,601997,贵阳银行,贵州,银行,20160816
3636,601998.SH,601998,中信银行,北京,银行,20070427
3637,601999.SH,601999,出版传媒,辽宁,出版业,20071221
3638,603000.SH,603000,人民网,北京,互联网,20120427
3639,603001.SH,603001,奥康国际,浙江,服饰,20120426
3640,603002.SH,603002,宏昌电子,广东,化工原料,20120518
3641,603003.SH,603003,龙宇燃油,上海,石油贸易,20120817
3642,603005.SH,603005,晶方科技,江苏,半导体,20140210
3643,603006.SH,603006,联明股份,上海,汽车配件,20140630
3645,603008.SH,603008,喜临门,浙江,家居用品,20120717
3646,603009.SH,603009,北特科技,上海,汽车配件,20140718
3647,603010.SH,603010,万盛股份,浙江,化工原料,20141010
3648,603011.SH,603011,合锻智能,安徽,机床制造,20141107
3649,603012.SH,603012,创力集团,上海,专用机械,20150320
3650,603013.SH,603013,亚普股份,江苏,汽车配件,20180509
3651,603015.SH,603015,弘讯科技,浙江,电气设备,20150303
3652,603016.SH,603016,新宏泰,江苏,电气设备,20160701
3653,603017.SH,603017,中衡设计,江苏,建筑工程,20141231
3654,603018.SH,603018,华设集团,江苏,建筑工程,20141013
3655,603019.SH,603019,中科曙光,天津,IT设备,20141106
3656,603020.SH,603020,爱普股份,上海,食品,20150325
3657,603021.SH,603021,山东华鹏,山东,玻璃,20150423
3658,603022.SH,603022,新通联,上海,广告包装,20150518
3659,603023.SH,603023,威帝股份,黑龙江,汽车配件,20150527
3660,603025.SH,603025,大豪科技,北京,纺织机械,20150422
3661,603026.SH,603026,石大胜华,山东,化工原料,20150529
3662,603027.SH,603027,千禾味业,四川,食品,20160307
3663,603028.SH,603028,赛福天,江苏,钢加工,20160331
3664,603029.SH,603029,天鹅股份,山东,农用机械,20160427
3665,603030.SH,603030,全筑股份,上海,装修装饰,20150320
3666,603031.SH,603031,安德利,安徽,百货,20160822
3668,603033.SH,603033,三维股份,浙江,橡胶,20161207
3669,603035.SH,603035,常熟汽饰,江苏,汽车配件,20170105
3670,603036.SH,603036,如通股份,江苏,专用机械,20161209
3671,603037.SH,603037,凯众股份,上海,汽车配件,20170120
3672,603038.SH,603038,华立股份,广东,装修装饰,20170116
3673,603039.SH,603039,泛微网络,上海,软件服务,20170113
3674,603040.SH,603040,新坐标,浙江,汽车配件,20170209
3675,603041.SH,603041,美思德,江苏,化工原料,20170330
3676,603042.SH,603042,华脉科技,江苏,通信设备,20170602
3677,603043.SH,603043,广州酒家,广东,食品,20170627
3678,603045.SH,603045,福达合金,浙江,电气设备,20180517
3679,603048.SH,603048,浙江黎明,浙江,汽车配件,20211116
3680,603050.SH,603050,科林电气,河北,电气设备,20170414
3681,603051.SH,603051,鹿山新材,广东,塑料,20220325
3682,603053.SH,603053,成都燃气,四川,供气供热,20191217
3683,603055.SH,603055,台华新材,浙江,纺织,20170921
3684,603056.SH,603056,德邦股份,上海,仓储物流,20180116
3685,603058.SH,603058,永吉股份,贵州,广告包装,20161223
3686,603059.SH,603059,倍加洁,江苏,日用化工,20180302
3687,603060.SH,603060,国检集团,北京,建筑工程,20161109
3688,603063.SH,603063,禾望电气,深圳,电气设备,20170728
3689,603066.SH,603066,音飞储存,江苏,仓储物流,20150611
3690,603067.SH,603067,振华股份,湖北,化工原料,20160913
3691,603068.SH,603068,博通集成,上海,半导体,20190415
3692,603069.SH,603069,海汽集团,海南,公路,20160712
3693,603070.SH,603070,万控智造,浙江,电气设备,20220310
3694,603071.SH,603071,物产环能,浙江,批发业,20211216
3695,603076.SH,603076,乐惠国际,浙江,专用机械,20171113
3696,603077.SH,603077,和邦生物,四川,化工原料,20120731
3697,603078.SH,603078,江化微,江苏,化工原料,20170410
3698,603079.SH,603079,圣达生物,浙江,食品,20170823
3699,603080.SH,603080,新疆火炬,新疆,供气供热,20180103
3700,603081.SH,603081,大丰实业,浙江,专用机械,20170420
3701,603083.SH,603083,剑桥科技,上海,通信设备,20171110
3702,603085.SH,603085,天成自控,浙江,汽车配件,20150630
3703,603086.SH,603086,先达股份,山东,农药化肥,20170511
3704,603087.SH,603087,甘李药业,北京,生物制药,20200629
3705,603088.SH,603088,宁波精达,浙江,专用机械,20141111
3706,603089.SH,603089,正裕工业,浙江,汽车配件,20170126
3707,603090.SH,603090,宏盛股份,江苏,专用机械,20160831
3708,603093.SH,603093,南华期货,浙江,多元金融,20190830
3709,603095.SH,603095,越剑智能,浙江,纺织机械,20200415
3710,603096.SH,603096,新经典,天津,出版业,20170425
3711,603098.SH,603098,森特股份,北京,装修装饰,20161216
3712,603099.SH,603099,长白山,吉林,旅游景点,20140822
3713,603100.SH,603100,川仪股份,重庆,电器仪表,20140805
3714,603101.SH,603101,汇嘉时代,新疆,百货,20160506
3715,603102.SH,603102,百合股份,山东,医疗保健,20220125
3716,603103.SH,603103,横店影视,浙江,影视音像,20171012
3717,603105.SH,603105,芯能科技,浙江,电气设备,20180709
3718,603106.SH,603106,恒银科技,天津,IT设备,20170920
3719,603108.SH,603108,润达医疗,上海,医药商业,20150527
3720,603109.SH,603109,神驰机电,重庆,电气设备,20191231
3721,603110.SH,603110,东方材料,安徽,染料涂料,20171013
3722,603111.SH,603111,康尼机电,江苏,运输设备,20140801
3723,603112.SH,603112,华翔股份,山西,机械基件,20200917
3724,603113.SH,603113,金能科技,山东,焦炭加工,20170511
3725,603115.SH,603115,海星股份,江苏,铝,20190809
3726,603116.SH,603116,红蜻蜓,浙江,服饰,20150629
3727,603117.SH,603117,万林物流,江苏,仓储物流,20150629
3728,603118.SH,603118,共进股份,深圳,通信设备,20150225
3729,603121.SH,603121,华培动力,上海,汽车配件,20190111
3730,603122.SH,603122,合富中国,上海,医药商业,20220216
3731,603123.SH,603123,翠微股份,北京,百货,20120503
3732,603126.SH,603126,中材节能,天津,环境保护,20140731
3733,603127.SH,603127,昭衍新药,北京,医疗保健,20170825
3734,603128.SH,603128,华贸物流,上海,仓储物流,20120529
3735,603129.SH,603129,春风动力,浙江,摩托车,20170818
3736,603131.SH,603131,上海沪工,上海,专用机械,20160607
3737,603132.SH,603132,金徽股份,甘肃,铅锌,20220222
3738,603133.SH,603133,碳元科技,江苏,元器件,20170320
3739,603136.SH,603136,天目湖,江苏,旅游景点,20170927
3740,603138.SH,603138,海量数据,北京,软件服务,20170306
3741,603139.SH,603139,康惠制药,陕西,中成药,20170421
3742,603150.SH,603150,万朗磁塑,安徽,塑料,20220124
3743,603155.SH,603155,新亚强,江苏,化工原料,20200901
3744,603156.SH,603156,养元饮品,河北,软饮料,20180212
3746,603158.SH,603158,腾龙股份,江苏,汽车配件,20150320
3747,603159.SH,603159,上海亚虹,上海,专用机械,20160812
3748,603160.SH,603160,汇顶科技,深圳,元器件,20161017
3749,603161.SH,603161,科华控股,江苏,汽车配件,20180105
3750,603165.SH,603165,荣晟环保,浙江,造纸,20170117
3751,603166.SH,603166,福达股份,广西,汽车配件,20141127
3752,603167.SH,603167,渤海轮渡,山东,水运,20120906
3753,603168.SH,603168,莎普爱思,浙江,化学制药,20140702
3754,603169.SH,603169,兰石重装,甘肃,专用机械,20141009
3755,603171.SH,603171,税友股份,浙江,软件服务,20210630
3756,603176.SH,603176,汇通集团,河北,建筑工程,20211231
3757,603177.SH,603177,德创环保,浙江,环境保护,20170207
3758,603178.SH,603178,圣龙股份,浙江,汽车配件,20170328
3759,603179.SH,603179,新泉股份,江苏,汽车配件,20170317
3760,603180.SH,603180,金牌厨柜,福建,家居用品,20170512
3761,603181.SH,603181,皇马科技,浙江,化工原料,20170824
3762,603183.SH,603183,建研院,江苏,建筑工程,20170905
3763,603185.SH,603185,上机数控,江苏,电气设备,20181228
3764,603186.SH,603186,华正新材,浙江,元器件,20170103
3765,603187.SH,603187,海容冷链,山东,机械基件,20181129
3766,603188.SH,603188,亚邦股份,江苏,染料涂料,20140909
3767,603189.SH,603189,网达软件,上海,软件服务,20160914
3768,603192.SH,603192,汇得科技,上海,化工原料,20180828
3769,603195.SH,603195,公牛集团,浙江,家居用品,20200206
3770,603196.SH,603196,日播时尚,上海,服饰,20170531
3771,603197.SH,603197,保隆科技,上海,汽车配件,20170519
3772,603198.SH,603198,迎驾贡酒,安徽,白酒,20150528
3773,603199.SH,603199,九华旅游,安徽,旅游景点,20150326
3774,603200.SH,603200,上海洗霸,上海,环境保护,20170601
3775,603203.SH,603203,快克股份,江苏,专用机械,20161108
3776,603208.SH,603208,江山欧派,浙江,家居用品,20170210
3777,603209.SH,603209,兴通股份,福建,水运,20220324
3778,603212.SH,603212,赛伍技术,江苏,塑料,20200430
3779,603213.SH,603213,镇洋发展,浙江,化工原料,20211111
3780,603214.SH,603214,爱婴室,上海,百货,20180330
3781,603215.SH,603215,比依股份,浙江,家用电器,20220218
3782,603216.SH,603216,梦天家居,浙江,家居用品,20211215
3783,603217.SH,603217,元利科技,山东,化工原料,20190620
3784,603218.SH,603218,日月股份,浙江,电气设备,20161228
3785,603219.SH,603219,富佳股份,浙江,家用电器,20211122
3786,603220.SH,603220,中贝通信,湖北,通信设备,20181115
3787,603221.SH,603221,爱丽家居,江苏,家居用品,20200323
3788,603222.SH,603222,济民医疗,浙江,医疗保健,20150217
3789,603223.SH,603223,恒通股份,山东,仓储物流,20150630
3790,603225.SH,603225,新凤鸣,浙江,化纤,20170418
3791,603226.SH,603226,菲林格尔,上海,家居用品,20170615
3792,603227.SH,603227,雪峰科技,新疆,化工原料,20150515
3793,603228.SH,603228,景旺电子,深圳,元器件,20170106
3794,603229.SH,603229,奥翔药业,浙江,化学制药,20170509
3795,603230.SH,603230,内蒙新华,内蒙,出版业,20211224
3796,603232.SH,603232,格尔软件,上海,软件服务,20170421
3797,603233.SH,603233,大参林,广东,医药商业,20170731
3798,603236.SH,603236,移远通信,上海,通信设备,20190716
3799,603238.SH,603238,诺邦股份,浙江,纺织,20170222
3800,603239.SH,603239,浙江仙通,浙江,汽车配件,20161230
3801,603256.SH,603256,宏和科技,上海,玻璃,20190719
3802,603258.SH,603258,电魂网络,浙江,互联网,20161026
3803,603259.SH,603259,药明康德,江苏,化学制药,20180508
3804,603260.SH,603260,合盛硅业,浙江,化工原料,20171030
3805,603261.SH,603261,立航科技,四川,航空,20220315
3806,603266.SH,603266,天龙股份,浙江,汽车配件,20170110
3807,603267.SH,603267,鸿远电子,北京,元器件,20190515
3808,603268.SH,603268,松发股份,广东,陶瓷,20150319
3809,603269.SH,603269,海鸥股份,江苏,机械基件,20170517
3810,603277.SH,603277,银都股份,浙江,专用机械,20170911
3811,603278.SH,603278,大业股份,山东,钢加工,20171113
3812,603279.SH,603279,景津装备,山东,环境保护,20190729
3813,603283.SH,603283,赛腾股份,江苏,专用机械,20171225
3814,603286.SH,603286,日盈电子,江苏,汽车配件,20170627
3815,603288.SH,603288,海天味业,广东,食品,20140211
3816,603289.SH,603289,泰瑞机器,浙江,专用机械,20171031
3817,603290.SH,603290,斯达半导,浙江,半导体,20200204
3818,603297.SH,603297,永新光学,浙江,电器仪表,20180910
3819,603298.SH,603298,杭叉集团,浙江,专用机械,20161227
3820,603299.SH,603299,苏盐井神,江苏,食品,20151231
3821,603300.SH,603300,华铁应急,浙江,多元金融,20150529
3822,603301.SH,603301,振德医疗,浙江,医疗保健,20180412
3823,603303.SH,603303,得邦照明,浙江,家用电器,20170330
3824,603305.SH,603305,旭升股份,浙江,汽车配件,20170710
3825,603306.SH,603306,华懋科技,福建,汽车配件,20140926
3826,603308.SH,603308,应流股份,安徽,专用机械,20140122
3827,603309.SH,603309,维力医疗,广东,医疗保健,20150302
3828,603311.SH,603311,金海高科,浙江,家用电器,20150518
3829,603313.SH,603313,梦百合,江苏,家居用品,20161013
3830,603315.SH,603315,福鞍股份,辽宁,机械基件,20150424
3831,603316.SH,603316,诚邦股份,浙江,建筑工程,20170619
3832,603317.SH,603317,天味食品,四川,食品,20190416
3833,603318.SH,603318,水发燃气,辽宁,供气供热,20150424
3834,603319.SH,603319,湘油泵,湖南,汽车配件,20161130
3835,603320.SH,603320,迪贝电气,浙江,机械基件,20170502
3836,603321.SH,603321,梅轮电梯,浙江,运输设备,20170915
3837,603322.SH,603322,超讯通信,广东,通信设备,20160728
3838,603323.SH,603323,苏农银行,江苏,银行,20161129
3839,603324.SH,603324,盛剑环境,上海,环境保护,20210407
3840,603326.SH,603326,我乐家居,江苏,家居用品,20170616
3841,603327.SH,603327,福蓉科技,四川,元器件,20190523
3842,603328.SH,603328,依顿电子,广东,元器件,20140701
3843,603329.SH,603329,上海雅仕,上海,仓储物流,20171229
3844,603330.SH,603330,上海天洋,上海,塑料,20170213
3845,603331.SH,603331,百达精工,浙江,专用机械,20170705
3846,603332.SH,603332,苏州龙杰,江苏,化纤,20190117
3847,603333.SH,603333,尚纬股份,四川,电气设备,20120507
3848,603335.SH,603335,迪生力,广东,汽车配件,20170620
3849,603336.SH,603336,宏辉果蔬,广东,农业综合,20161124
3850,603337.SH,603337,杰克股份,浙江,纺织机械,20170119
3851,603338.SH,603338,浙江鼎力,浙江,专用机械,20150325
3852,603339.SH,603339,四方科技,江苏,专用机械,20160519
3853,603345.SH,603345,安井食品,福建,食品,20170222
3854,603348.SH,603348,文灿股份,广东,汽车配件,20180426
3855,603351.SH,603351,威尔药业,江苏,化学制药,20190130
3856,603353.SH,603353,和顺石油,湖南,石油贸易,20200407
3857,603355.SH,603355,莱克电气,江苏,家用电器,20150513
3858,603356.SH,603356,华菱精工,安徽,运输设备,20180124
3859,603357.SH,603357,设计总院,安徽,建筑工程,20170801
3860,603358.SH,603358,华达科技,江苏,汽车配件,20170125
3861,603359.SH,603359,东珠生态,江苏,环境保护,20170901
3862,603360.SH,603360,百傲化学,辽宁,化工原料,20170206
3863,603363.SH,603363,傲农生物,福建,饲料,20170926
3864,603365.SH,603365,水星家纺,上海,纺织,20171120
3865,603366.SH,603366,日出东方,江苏,家用电器,20120521
3866,603367.SH,603367,辰欣药业,山东,化学制药,20170929
3867,603368.SH,603368,柳药股份,广西,医药商业,20141204
3868,603369.SH,603369,今世缘,江苏,白酒,20140703
3869,603377.SH,603377,东方时尚,北京,汽车服务,20160205
3870,603378.SH,603378,亚士创能,上海,染料涂料,20170928
3871,603379.SH,603379,三美股份,浙江,化工原料,20190402
3872,603380.SH,603380,易德龙,江苏,元器件,20170622
3873,603383.SH,603383,顶点软件,福建,软件服务,20170522
3874,603385.SH,603385,惠达卫浴,河北,家居用品,20170405
3875,603386.SH,603386,广东骏亚,广东,元器件,20170912
3876,603387.SH,603387,基蛋生物,江苏,医疗保健,20170717
3877,603388.SH,603388,元成股份,浙江,建筑工程,20170324
3878,603389.SH,603389,亚振家居,江苏,家居用品,20161215
3879,603390.SH,603390,通达电气,广东,汽车配件,20191125
3880,603392.SH,603392,万泰生物,北京,医疗保健,20200429
3881,603393.SH,603393,新天然气,新疆,供气供热,20160912
3882,603396.SH,603396,金辰股份,辽宁,专用机械,20171018
3883,603398.SH,603398,沐邦高科,江西,文教休闲,20151209
3884,603399.SH,603399,吉翔股份,辽宁,小金属,20120824
3885,603408.SH,603408,建霖家居,福建,家居用品,20200730
3886,603416.SH,603416,信捷电气,江苏,电器仪表,20161221
3887,603421.SH,603421,鼎信通讯,山东,通信设备,20161011
3888,603429.SH,603429,集友股份,安徽,广告包装,20170124
3889,603439.SH,603439,贵州三力,贵州,中成药,20200428
3890,603444.SH,603444,吉比特,福建,互联网,20170104
3891,603456.SH,603456,九洲药业,浙江,医疗保健,20141010
3892,603458.SH,603458,勘设股份,贵州,建筑工程,20170809
3893,603466.SH,603466,风语筑,上海,文教休闲,20171020
3894,603477.SH,603477,巨星农牧,四川,农业综合,20171218
3895,603486.SH,603486,科沃斯,江苏,家用电器,20180528
3896,603488.SH,603488,展鹏科技,江苏,电气设备,20170516
3897,603489.SH,603489,八方股份,江苏,电气设备,20191111
3898,603496.SH,603496,恒为科技,上海,IT设备,20170607
3899,603499.SH,603499,翔港科技,上海,广告包装,20171016
3900,603500.SH,603500,祥和实业,浙江,运输设备,20170904
3901,603501.SH,603501,韦尔股份,上海,半导体,20170504
3902,603505.SH,603505,金石资源,浙江,矿物制品,20170503
3903,603506.SH,603506,南都物业,浙江,房产服务,20180201
3904,603507.SH,603507,振江股份,江苏,电气设备,20171106
3905,603508.SH,603508,思维列控,河南,软件服务,20151224
3906,603511.SH,603511,爱慕股份,北京,服饰,20210531
3907,603515.SH,603515,欧普照明,上海,电气设备,20160819
3908,603516.SH,603516,淳中科技,北京,通信设备,20180202
3909,603517.SH,603517,绝味食品,湖南,食品,20170317
3910,603518.SH,603518,锦泓集团,江苏,服饰,20141203
3911,603519.SH,603519,立霸股份,江苏,家用电器,20150319
3912,603520.SH,603520,司太立,浙江,化学制药,20160309
3913,603527.SH,603527,众源新材,安徽,铜,20170907
3914,603528.SH,603528,多伦科技,江苏,软件服务,20160503
3915,603529.SH,603529,爱玛科技,天津,摩托车,20210615
3916,603530.SH,603530,神马电力,江苏,电气设备,20190805
3917,603533.SH,603533,掌阅科技,北京,互联网,20170921
3918,603535.SH,603535,嘉诚国际,广东,仓储物流,20170808
3919,603536.SH,603536,惠发食品,山东,食品,20170613
3920,603538.SH,603538,美诺华,浙江,化学制药,20170407
3921,603551.SH,603551,奥普家居,浙江,家居用品,20200115
3923,603556.SH,603556,海兴电力,浙江,电器仪表,20161110
3925,603558.SH,603558,健盛集团,浙江,纺织,20150127
3926,603559.SH,603559,中通国脉,吉林,通信设备,20161202
3927,603565.SH,603565,中谷物流,上海,仓储物流,20200925
3928,603566.SH,603566,普莱柯,河南,农业综合,20150518
3929,603567.SH,603567,珍宝岛,黑龙江,中成药,20150424
3930,603568.SH,603568,伟明环保,浙江,环境保护,20150528
3931,603569.SH,603569,长久物流,北京,仓储物流,20160810
3932,603577.SH,603577,汇金通,山东,电气设备,20161222
3933,603578.SH,603578,三星新材,浙江,玻璃,20170306
3934,603579.SH,603579,荣泰健康,上海,家用电器,20170111
3935,603580.SH,603580,艾艾精工,上海,化工原料,20170525
3936,603583.SH,603583,捷昌驱动,浙江,电气设备,20180921
3937,603585.SH,603585,苏利股份,江苏,化工原料,20161214
3938,603586.SH,603586,金麒麟,山东,汽车配件,20170406
3939,603587.SH,603587,地素时尚,上海,服饰,20180622
3940,603588.SH,603588,高能环境,北京,环境保护,20141229
3941,603589.SH,603589,口子窖,安徽,白酒,20150629
3942,603590.SH,603590,康辰药业,北京,生物制药,20180827
3943,603595.SH,603595,东尼电子,浙江,元器件,20170712
3944,603596.SH,603596,伯特利,安徽,汽车配件,20180427
3945,603598.SH,603598,引力传媒,北京,影视音像,20150527
3946,603599.SH,603599,广信股份,安徽,农药化肥,20150513
3947,603600.SH,603600,永艺股份,浙江,家居用品,20150123
3948,603601.SH,603601,再升科技,重庆,玻璃,20150122
3949,603602.SH,603602,纵横通信,浙江,通信设备,20170810
3950,603603.SH,603603,博天环境,北京,环境保护,20170217
3951,603605.SH,603605,珀莱雅,浙江,日用化工,20171115
3952,603606.SH,603606,东方电缆,浙江,电气设备,20141015
3953,603607.SH,603607,京华激光,浙江,造纸,20171025
3954,603608.SH,603608,天创时尚,广东,服饰,20160218
3955,603609.SH,603609,禾丰股份,辽宁,饲料,20140808
3956,603610.SH,603610,麒盛科技,浙江,家居用品,20191029
3957,603611.SH,603611,诺力股份,浙江,运输设备,20150128
3958,603612.SH,603612,索通发展,山东,矿物制品,20170718
3959,603613.SH,603613,国联股份,北京,互联网,20190730
3960,603615.SH,603615,茶花股份,福建,家居用品,20170213
3961,603616.SH,603616,韩建河山,北京,其他建材,20150611
3962,603617.SH,603617,君禾股份,浙江,专用机械,20170703
3963,603618.SH,603618,杭电股份,浙江,电气设备,20150217
3964,603619.SH,603619,中曼石油,上海,石油开采,20171117
3965,603626.SH,603626,科森科技,江苏,元器件,20170209
3966,603628.SH,603628,清源股份,福建,电气设备,20170112
3967,603629.SH,603629,利通电子,江苏,元器件,20181224
3968,603630.SH,603630,拉芳家化,广东,日用化工,20170313
3969,603633.SH,603633,徕木股份,上海,元器件,20161117
3970,603636.SH,603636,南威软件,福建,软件服务,20141230
3971,603637.SH,603637,镇海股份,浙江,建筑工程,20170208
3972,603638.SH,603638,艾迪精密,山东,专用机械,20170120
3973,603639.SH,603639,海利尔,山东,农药化肥,20170112
3974,603648.SH,603648,畅联股份,上海,仓储物流,20170913
3975,603650.SH,603650,彤程新材,上海,化工原料,20180627
3976,603655.SH,603655,朗博科技,江苏,汽车配件,20171229
3977,603656.SH,603656,泰禾智能,安徽,专用机械,20170321
3978,603657.SH,603657,春光科技,浙江,家用电器,20180730
3979,603658.SH,603658,安图生物,河南,医疗保健,20160901
3980,603659.SH,603659,璞泰来,上海,化工原料,20171103
3981,603660.SH,603660,苏州科达,江苏,通信设备,20161201
3982,603661.SH,603661,恒林股份,浙江,家居用品,20171121
3983,603662.SH,603662,柯力传感,浙江,电器仪表,20190806
3984,603663.SH,603663,三祥新材,福建,小金属,20160801
3985,603665.SH,603665,康隆达,浙江,纺织,20170313
3986,603666.SH,603666,亿嘉和,江苏,专用机械,20180612
3987,603667.SH,603667,五洲新春,浙江,机械基件,20161025
3988,603668.SH,603668,天马科技,福建,饲料,20170117
3989,603669.SH,603669,灵康药业,西藏,化学制药,20150528
3990,603676.SH,603676,卫信康,西藏,化学制药,20170721
3991,603677.SH,603677,奇精机械,浙江,家用电器,20170206
3992,603678.SH,603678,火炬电子,福建,元器件,20150126
3993,603679.SH,603679,华体科技,四川,电气设备,20170621
3994,603680.SH,603680,今创集团,江苏,运输设备,20180227
3995,603681.SH,603681,永冠新材,上海,化工原料,20190326
3996,603682.SH,603682,锦和商业,上海,房产服务,20200421
3997,603683.SH,603683,晶华新材,上海,化工原料,20171020
3998,603685.SH,603685,晨丰科技,浙江,电气设备,20171127
3999,603686.SH,603686,福龙马,福建,环境保护,20150126
4000,603687.SH,603687,大胜达,浙江,广告包装,20190726
4001,603688.SH,603688,石英股份,江苏,矿物制品,20141031
4002,603689.SH,603689,皖天然气,安徽,供气供热,20170110
4003,603690.SH,603690,至纯科技,上海,半导体,20170113
4004,603693.SH,603693,江苏新能,江苏,新型电力,20180703
4005,603696.SH,603696,安记食品,福建,食品,20151209
4006,603697.SH,603697,有友食品,重庆,食品,20190508
4007,603698.SH,603698,航天工程,北京,专用机械,20150128
4008,603699.SH,603699,纽威股份,江苏,专用机械,20140117
4009,603700.SH,603700,宁水集团,浙江,电器仪表,20190122
4010,603701.SH,603701,德宏股份,浙江,汽车配件,20160412
4011,603703.SH,603703,盛洋科技,浙江,通信设备,20150423
4012,603706.SH,603706,东方环宇,新疆,供气供热,20180709
4013,603707.SH,603707,健友股份,江苏,生物制药,20170719
4014,603708.SH,603708,家家悦,山东,超市连锁,20161213
4015,603709.SH,603709,中源家居,浙江,家居用品,20180208
4016,603711.SH,603711,香飘飘,浙江,软饮料,20171130
4017,603712.SH,603712,七一二,天津,通信设备,20180226
4018,603713.SH,603713,密尔克卫,上海,仓储物流,20180713
4019,603716.SH,603716,塞力医疗,湖北,医药商业,20161031
4020,603717.SH,603717,天域生态,重庆,环境保护,20170327
4021,603718.SH,603718,海利生物,上海,农业综合,20150515
4022,603719.SH,603719,良品铺子,湖北,食品,20200224
4023,603721.SH,603721,中广天择,湖南,影视音像,20170811
4024,603722.SH,603722,阿科力,江苏,化工原料,20171025
4025,603725.SH,603725,天安新材,广东,塑料,20170906
4026,603726.SH,603726,朗迪集团,浙江,家用电器,20160421
4027,603727.SH,603727,博迈科,天津,石油开采,20161122
4028,603728.SH,603728,鸣志电器,上海,电气设备,20170509
4030,603730.SH,603730,岱美股份,上海,汽车配件,20170728
4031,603733.SH,603733,仙鹤股份,浙江,造纸,20180420
4032,603737.SH,603737,三棵树,福建,染料涂料,20160603
4033,603738.SH,603738,泰晶科技,湖北,元器件,20160928
4034,603739.SH,603739,蔚蓝生物,山东,农业综合,20190116
4035,603755.SH,603755,日辰股份,山东,食品,20190828
4036,603757.SH,603757,大元泵业,浙江,专用机械,20170711
4037,603758.SH,603758,秦安股份,重庆,汽车配件,20170517
4038,603759.SH,603759,海天股份,四川,水务,20210326
4039,603766.SH,603766,隆鑫通用,重庆,摩托车,20120810
4040,603767.SH,603767,中马传动,浙江,汽车配件,20170613
4041,603768.SH,603768,常青股份,安徽,汽车配件,20170324
4042,603773.SH,603773,沃格光电,江西,元器件,20180417
4043,603776.SH,603776,永安行,江苏,公共交通,20170817
4044,603777.SH,603777,来伊份,上海,食品,20161012
4045,603778.SH,603778,乾景园林,北京,建筑工程,20151231
4046,603779.SH,603779,威龙股份,山东,红黄酒,20160516
4047,603786.SH,603786,科博达,上海,汽车配件,20191015
4048,603787.SH,603787,新日股份,江苏,摩托车,20170427
4049,603788.SH,603788,宁波高发,浙江,汽车配件,20150120
4050,603789.SH,603789,星光农机,浙江,农用机械,20150427
4051,603790.SH,603790,雅运股份,上海,染料涂料,20180912
4052,603797.SH,603797,联泰环保,广东,环境保护,20170413
4053,603798.SH,603798,康普顿,山东,石油加工,20160406
4054,603799.SH,603799,华友钴业,浙江,小金属,20150129
4055,603800.SH,603800,道森股份,江苏,专用机械,20151210
4056,603801.SH,603801,志邦家居,安徽,家居用品,20170630
4057,603803.SH,603803,瑞斯康达,北京,通信设备,20170420
4058,603806.SH,603806,福斯特,浙江,塑料,20140905
4059,603808.SH,603808,歌力思,深圳,服饰,20150422
4060,603809.SH,603809,豪能股份,四川,汽车配件,20171128
4061,603810.SH,603810,丰山集团,江苏,农药化肥,20180917
4062,603811.SH,603811,诚意药业,浙江,化学制药,20170315
4063,603813.SH,603813,原尚股份,广东,仓储物流,20170918
4064,603815.SH,603815,交建股份,安徽,建筑工程,20191021
4065,603816.SH,603816,顾家家居,浙江,家居用品,20161014
4066,603817.SH,603817,海峡环保,福建,环境保护,20170220
4067,603818.SH,603818,曲美家居,北京,家居用品,20150422
4068,603819.SH,603819,神力股份,江苏,电气设备,20161125
4069,603822.SH,603822,嘉澳环保,浙江,环境保护,20160428
4070,603823.SH,603823,百合花,浙江,染料涂料,20161220
4071,603825.SH,603825,华扬联众,北京,互联网,20170802
4072,603826.SH,603826,坤彩科技,福建,染料涂料,20170414
4073,603828.SH,603828,柯利达,江苏,装修装饰,20150226
4074,603829.SH,603829,洛凯股份,江苏,电气设备,20171017
4075,603833.SH,603833,欧派家居,广东,家居用品,20170328
4076,603836.SH,603836,海程邦达,山东,仓储物流,20210526
4077,603838.SH,603838,四通股份,广东,陶瓷,20150701
4078,603839.SH,603839,安正时尚,浙江,服饰,20170214
4079,603843.SH,603843,正平股份,青海,建筑工程,20160905
4080,603848.SH,603848,好太太,广东,家居用品,20171201
4081,603855.SH,603855,华荣股份,上海,专用机械,20170524
4082,603856.SH,603856,东宏股份,山东,塑料,20171106
4083,603858.SH,603858,步长制药,山东,中成药,20161118
4084,603859.SH,603859,能科科技,北京,专用机械,20161021
4085,603860.SH,603860,中公高科,北京,建筑工程,20170802
4086,603861.SH,603861,白云电器,广东,电气设备,20160322
4088,603866.SH,603866,桃李面包,辽宁,食品,20151222
4089,603867.SH,603867,新化股份,浙江,化工原料,20190627
4090,603868.SH,603868,飞科电器,上海,家用电器,20160418
4091,603869.SH,603869,新智认知,广西,软件服务,20150326
4092,603871.SH,603871,嘉友国际,北京,仓储物流,20180206
4093,603876.SH,603876,鼎胜新材,江苏,铝,20180418
4094,603877.SH,603877,太平鸟,浙江,服饰,20170109
4095,603878.SH,603878,武进不锈,江苏,钢加工,20161219
4096,603879.SH,603879,永悦科技,福建,化工原料,20170614
4097,603880.SH,603880,南卫股份,江苏,医疗保健,20170807
4098,603881.SH,603881,数据港,上海,电信运营,20170208
4099,603882.SH,603882,金域医学,广东,医疗保健,20170908
4100,603883.SH,603883,老百姓,湖南,医药商业,20150423
4101,603885.SH,603885,吉祥航空,上海,空运,20150527
4102,603886.SH,603886,元祖股份,上海,食品,20161228
4103,603887.SH,603887,城地香江,上海,软件服务,20161010
4104,603888.SH,603888,新华网,北京,互联网,20161028
4105,603889.SH,603889,新澳股份,浙江,纺织,20141231
4106,603890.SH,603890,春秋电子,江苏,元器件,20171212
4107,603893.SH,603893,瑞芯微,福建,半导体,20200207
4108,603895.SH,603895,天永智能,上海,专用机械,20180122
4109,603896.SH,603896,寿仙谷,浙江,中成药,20170510
4110,603897.SH,603897,长城科技,浙江,电气设备,20180410
4111,603898.SH,603898,好莱客,广东,家居用品,20150217
4112,603899.SH,603899,晨光股份,上海,文教休闲,20150127
4113,603900.SH,603900,莱绅通灵,江苏,服饰,20161123
4114,603901.SH,603901,永创智能,浙江,专用机械,20150529
4115,603903.SH,603903,中持股份,北京,环境保护,20170314
4116,603906.SH,603906,龙蟠科技,江苏,化工原料,20170410
4117,603908.SH,603908,牧高笛,浙江,纺织,20170307
4118,603909.SH,603909,合诚股份,福建,建筑工程,20160628
4119,603912.SH,603912,佳力图,江苏,专用机械,20171101
4120,603915.SH,603915,国茂股份,江苏,机械基件,20190614
4121,603916.SH,603916,苏博特,江苏,化工原料,20171110
4122,603917.SH,603917,合力科技,浙江,汽车配件,20171204
4123,603918.SH,603918,金桥信息,上海,软件服务,20150528
4124,603919.SH,603919,金徽酒,甘肃,白酒,20160310
4125,603920.SH,603920,世运电路,广东,元器件,20170426
4126,603922.SH,603922,金鸿顺,江苏,汽车配件,20171023
4127,603926.SH,603926,铁流股份,浙江,汽车配件,20170510
4128,603927.SH,603927,中科软,北京,软件服务,20190909
4129,603928.SH,603928,兴业股份,江苏,化工原料,20161212
4130,603929.SH,603929,亚翔集成,江苏,装修装饰,20161230
4131,603931.SH,603931,格林达,浙江,化工原料,20200819
4132,603933.SH,603933,睿能科技,福建,商贸代理,20170706
4133,603936.SH,603936,博敏电子,广东,元器件,20151209
4134,603937.SH,603937,丽岛新材,江苏,铝,20171102
4135,603938.SH,603938,三孚股份,河北,化工原料,20170628
4136,603939.SH,603939,益丰药房,湖南,医药商业,20150217
4137,603948.SH,603948,建业股份,浙江,化工原料,20200302
4138,603949.SH,603949,雪龙集团,浙江,汽车配件,20200310
4139,603950.SH,603950,长源东谷,湖北,汽车配件,20200526
4140,603955.SH,603955,大千生态,江苏,环境保护,20170310
4141,603956.SH,603956,威派格,上海,专用机械,20190222
4142,603958.SH,603958,哈森股份,江苏,服饰,20160629
4143,603959.SH,603959,百利科技,湖南,建筑工程,20160517
4144,603960.SH,603960,克来机电,上海,汽车配件,20170314
4145,603963.SH,603963,大理药业,云南,化学制药,20170922
4146,603966.SH,603966,法兰泰克,江苏,机械基件,20170125
4147,603967.SH,603967,中创物流,山东,仓储物流,20190429
4148,603968.SH,603968,醋化股份,江苏,化工原料,20150518
4149,603969.SH,603969,银龙股份,天津,其他建材,20150227
4150,603970.SH,603970,中农立华,北京,农药化肥,20171116
4151,603976.SH,603976,正川股份,重庆,医疗保健,20170822
4152,603977.SH,603977,国泰集团,江西,化工原料,20161111
4153,603978.SH,603978,深圳新星,深圳,小金属,20170807
4154,603979.SH,603979,金诚信,北京,建筑工程,20150630
4155,603980.SH,603980,吉华集团,浙江,染料涂料,20170615
4156,603982.SH,603982,泉峰汽车,江苏,汽车配件,20190522
4157,603983.SH,603983,丸美股份,广东,日用化工,20190725
4158,603985.SH,603985,恒润股份,江苏,机械基件,20170505
4159,603986.SH,603986,兆易创新,北京,半导体,20160818
4160,603987.SH,603987,康德莱,上海,医疗保健,20161121
4161,603988.SH,603988,中电电机,江苏,电气设备,20141104
4162,603989.SH,603989,艾华集团,湖南,元器件,20150515
4163,603990.SH,603990,麦迪科技,江苏,软件服务,20161208
4164,603991.SH,603991,至正股份,深圳,塑料,20170308
4165,603992.SH,603992,松霖科技,福建,家居用品,20190826
4166,603993.SH,603993,洛阳钼业,河南,小金属,20121009
4167,603995.SH,603995,甬金股份,浙江,特种钢,20191224
4169,603997.SH,603997,继峰股份,浙江,汽车配件,20150302
4170,603998.SH,603998,方盛制药,湖南,中成药,20141205
4171,603999.SH,603999,读者传媒,甘肃,出版业,20151210
4172,605001.SH,605001,威奥股份,山东,运输设备,20200522
4173,605003.SH,605003,众望布艺,浙江,纺织,20200908
4174,605005.SH,605005,合兴股份,浙江,汽车配件,20210119
4175,605006.SH,605006,山东玻纤,山东,玻璃,20200903
4176,605007.SH,605007,五洲特纸,浙江,造纸,20201110
4177,605008.SH,605008,长鸿高科,浙江,塑料,20200821
4178,605009.SH,605009,豪悦护理,浙江,造纸,20200911
4179,605011.SH,605011,杭州热电,浙江,供气供热,20210630
4180,605016.SH,605016,百龙创园,山东,食品,20210421
4181,605018.SH,605018,长华股份,浙江,汽车配件,20200929
4182,605020.SH,605020,永和股份,浙江,化工原料,20210709
4183,605028.SH,605028,世茂能源,浙江,供气供热,20210712
4184,605033.SH,605033,美邦股份,陕西,农药化肥,20210916
4185,605050.SH,605050,福然德,上海,仓储物流,20200924
4186,605055.SH,605055,迎丰股份,浙江,纺织,20210129
4187,605056.SH,605056,咸亨国际,浙江,电器仪表,20210720
4188,605058.SH,605058,澳弘电子,江苏,元器件,20201021
4189,605060.SH,605060,联德股份,浙江,机械基件,20210301
4190,605066.SH,605066,天正电气,浙江,电气设备,20200807
4191,605068.SH,605068,明新旭腾,浙江,汽车配件,20201123
4192,605069.SH,605069,正和生态,北京,环境保护,20210816
4193,605077.SH,605077,华康股份,浙江,食品,20210209
4194,605080.SH,605080,浙江自然,浙江,纺织,20210506
4195,605081.SH,605081,太和水,上海,环境保护,20210209
4196,605086.SH,605086,龙高股份,福建,矿物制品,20210416
4197,605088.SH,605088,冠盛股份,浙江,汽车配件,20200817
4198,605089.SH,605089,味知香,江苏,食品,20210427
4199,605090.SH,605090,九丰能源,江西,供气供热,20210525
4200,605098.SH,605098,行动教育,上海,文教休闲,20210421
4201,605099.SH,605099,共创草坪,江苏,文教休闲,20200930
4202,605100.SH,605100,华丰股份,山东,机械基件,20200811
4203,605108.SH,605108,同庆楼,安徽,酒店餐饮,20200716
4204,605111.SH,605111,新洁能,江苏,半导体,20200928
4205,605116.SH,605116,奥锐特,浙江,化学制药,20200921
4206,605117.SH,605117,德业股份,浙江,家用电器,20210420
4207,605118.SH,605118,力鼎光电,福建,元器件,20200730
4208,605122.SH,605122,四方新材,重庆,水泥,20210310
4209,605123.SH,605123,派克新材,江苏,航空,20200825
4210,605128.SH,605128,上海沿浦,上海,汽车配件,20200915
4211,605133.SH,605133,嵘泰股份,江苏,汽车配件,20210224
4212,605136.SH,605136,丽人丽妆,上海,其他商业,20200929
4213,605138.SH,605138,盛泰集团,浙江,服饰,20211027
4214,605151.SH,605151,西上海,上海,汽车配件,20201215
4215,605155.SH,605155,西大门,浙江,家居用品,20201231
4216,605158.SH,605158,华达新材,浙江,钢加工,20200805
4217,605162.SH,605162,新中港,浙江,供气供热,20210707
4218,605166.SH,605166,聚合顺,浙江,化工原料,20200618
4219,605167.SH,605167,利柏特,江苏,专用机械,20210726
4220,605168.SH,605168,三人行,陕西,互联网,20200528
4221,605169.SH,605169,洪通燃气,新疆,供气供热,20201030
4222,605177.SH,605177,东亚药业,浙江,化学制药,20201125
4223,605178.SH,605178,时空科技,北京,装修装饰,20200821
4224,605179.SH,605179,一鸣食品,浙江,乳制品,20201228
4225,605180.SH,605180,华生科技,浙江,纺织,20210430
4226,605183.SH,605183,确成股份,江苏,化工原料,20201207
4227,605186.SH,605186,健麾信息,上海,医疗保健,20201222
4228,605188.SH,605188,国光连锁,江西,超市连锁,20200728
4229,605189.SH,605189,富春染织,安徽,纺织,20210528
4230,605196.SH,605196,华通线缆,河北,电气设备,20210511
4231,605198.SH,605198,德利股份,山东,软饮料,20200918
4232,605199.SH,605199,葫芦娃,海南,中成药,20200710
4233,605208.SH,605208,永茂泰,上海,铝,20210308
4234,605218.SH,605218,伟时电子,江苏,元器件,20200928
4235,605222.SH,605222,起帆电缆,上海,电气设备,20200731
4236,605228.SH,605228,神通科技,浙江,汽车配件,20210120
4237,605255.SH,605255,天普股份,浙江,汽车配件,20200825
4238,605258.SH,605258,协和电子,江苏,元器件,20201203
4239,605259.SH,605259,绿田机械,浙江,农用机械,20210615
4240,605266.SH,605266,健之佳,云南,医药商业,20201201
4241,605268.SH,605268,王力安防,浙江,家居用品,20210224
4242,605277.SH,605277,新亚电子,浙江,电气设备,20210106
4243,605286.SH,605286,同力日升,江苏,运输设备,20210322
4244,605287.SH,605287,德才股份,山东,装修装饰,20210706
4245,605288.SH,605288,凯迪股份,江苏,电气设备,20200601
4246,605289.SH,605289,罗曼股份,上海,建筑工程,20210426
4247,605296.SH,605296,神农集团,云南,农业综合,20210528
4248,605298.SH,605298,必得科技,江苏,运输设备,20210301
4249,605299.SH,605299,舒华体育,福建,文教休闲,20201215
4250,605300.SH,605300,佳禾食品,江苏,食品,20210430
4251,605303.SH,605303,园林股份,浙江,建筑工程,20210301
4252,605305.SH,605305,中际联合,北京,专用机械,20210506
4253,605318.SH,605318,法狮龙,浙江,装修装饰,20200803
4254,605319.SH,605319,无锡振华,江苏,汽车配件,20210607
4255,605333.SH,605333,沪光股份,江苏,汽车配件,20200818
4256,605336.SH,605336,帅丰电器,浙江,家用电器,20201019
4257,605337.SH,605337,李子园,浙江,乳制品,20210208
4258,605338.SH,605338,巴比食品,上海,食品,20201012
4259,605339.SH,605339,南侨食品,上海,食品,20210518
4260,605358.SH,605358,立昂微,浙江,半导体,20200911
4261,605365.SH,605365,立达信,福建,家用电器,20210720
4262,605366.SH,605366,宏柏新材,江西,化工原料,20200812
4263,605368.SH,605368,蓝天燃气,河南,供气供热,20210129
4264,605369.SH,605369,拱东医疗,浙江,医疗保健,20200916
4265,605376.SH,605376,博迁新材,江苏,小金属,20201208
4266,605377.SH,605377,华旺科技,浙江,造纸,20201228
4267,605378.SH,605378,野马电池,浙江,电气设备,20210412
4268,605388.SH,605388,均瑶健康,湖北,软饮料,20200818
4269,605389.SH,605389,长龄液压,江苏,机械基件,20210322
4270,605398.SH,605398,新炬网络,上海,软件服务,20210121
4271,605399.SH,605399,晨光新材,江西,化工原料,20200804
4272,605488.SH,605488,福莱新材,浙江,塑料,20210513
4273,605499.SH,605499,东鹏饮料,深圳,软饮料,20210527
4274,605500.SH,605500,森林包装,浙江,造纸,20201222
4275,605507.SH,605507,国邦医药,浙江,化学制药,20210802
4276,605555.SH,605555,德昌股份,浙江,家用电器,20211021
4277,605566.SH,605566,福莱蒽特,浙江,染料涂料,20211025
4278,605567.SH,605567,春雪食品,山东,食品,20211013
4279,605577.SH,605577,龙版传媒,黑龙江,出版业,20210824
4280,605580.SH,605580,恒盛能源,浙江,供气供热,20210819
4281,605588.SH,605588,冠石科技,江苏,半导体,20210812
4282,605589.SH,605589,圣泉集团,山东,化工原料,20210810
4283,605598.SH,605598,上海港湾,上海,建筑工程,20210917
4284,605599.SH,605599,菜百股份,北京,黄金,20210909